'order_number','bill_to','comment','country_code','currency','dealer_name','dealerpo','mkt_group','model','order_date','order_type','region','series','truck_class'
H19905,12805,'',PH,USD,HYSTER FORKLIFT,'2023Hysphil#19',65,J3.0UT,2023-04-04 00:00:00.443,R,A,A3C4,1
H23341,814065,'',TH,USD,JENBUNJERD CO LTD,POI2300303,67,MPC15,2023-04-25 00:00:00.464,R,A,A3D4,3
H19906,53665,'',AU,AUD,RIVERINA L/TRUCKS (YALE),'102264',67,GP50UX,2023-04-05 00:00:00.481,R,P,A7S6,5
H19927,880805,'',IN,USD,ELECTROMECH LIFT TRUCKS,'23-24/I003',67,OS030EF,2023-04-05 00:00:00.443,R,A,D801,2
H20095,6065,'',TH,USD,'DILOK AND SONS CO.,LTD.',TH2023/8509,65,H3.0XT,2023-04-06 00:00:00.443,R,A,D466,5
H20121,6065,'',TH,USD,'DILOK AND SONS CO.,LTD.',TH2023/8510,65,H3.0XT,2023-04-06 00:00:00.443,R,A,D466,5
H20140,6065,'',TH,USD,'DILOK AND SONS CO.,LTD.',TH2023/8511,65,R2.50EX  2,2023-04-07 00:00:00.443,R,A,B925,2
H20238,1255,'',TH,USD,'DILOK AND SONS CO.,LTD.',ID2023/1645,65,H3.0UT,2023-04-10 00:00:00.443,R,A,A3C1,5
H20536,810265,'',TW,USD,TA YIH MATERIALS HANDLING,YA-23Y005,67,MPC15,2023-04-11 00:00:00.443,R,A,A3D4,3
H20537,810265,'',TW,USD,TA YIH MATERIALS HANDLING,YA-23Y006,67,MPC15,2023-04-11 00:00:00.443,R,A,A3D4,3
H20538,810265,'',TW,USD,TA YIH MATERIALS HANDLING,YA-23Y007,67,MPC15,2023-04-11 00:00:00.443,R,A,A3D4,3
H20539,810265,'',TW,USD,TA YIH MATERIALS HANDLING,YA-23Y008,67,MPC15,2023-04-11 00:00:00.443,R,A,A3D4,3
H20540,810265,'',TW,USD,TA YIH MATERIALS HANDLING,YA-23Y009,67,MPC15,2023-04-11 00:00:00.443,R,A,A3D4,3
H20541,810265,'',TW,USD,TA YIH MATERIALS HANDLING,YA-23Y010,67,MPC15,2023-04-11 00:00:00.443,R,A,A3D4,3
H20542,810265,'',TW,USD,TA YIH MATERIALS HANDLING,YA-23Y011,67,MPC15,2023-04-11 00:00:00.443,R,A,A3D4,3
H20543,810265,'',TW,USD,TA YIH MATERIALS HANDLING,YA-23Y012,67,MPC15,2023-04-11 00:00:00.443,R,A,A3D4,3
H20544,810265,'',TW,USD,TA YIH MATERIALS HANDLING,YA-23Y013,67,MPC15,2023-04-11 00:00:00.443,R,A,A3D4,3
H20545,810265,'',TW,USD,TA YIH MATERIALS HANDLING,YA-23Y014,67,MPC15,2023-04-11 00:00:00.443,R,A,A3D4,3
H20546,810265,'',TW,USD,TA YIH MATERIALS HANDLING,YA-23Y015,67,MPC15,2023-04-11 00:00:00.443,R,A,A3D4,3
H20547,810265,'',TW,USD,TA YIH MATERIALS HANDLING,YA-23Y016,67,MPC15,2023-04-11 00:00:00.443,R,A,A3D4,3
H20548,810265,'',TW,USD,TA YIH MATERIALS HANDLING,YA-23Y017,67,MPC15,2023-04-11 00:00:00.443,R,A,A3D4,3
H20549,810265,'',TW,USD,TA YIH MATERIALS HANDLING,YA-23Y018,67,MPC15,2023-04-11 00:00:00.443,R,A,A3D4,3
H20550,810265,'',TW,USD,TA YIH MATERIALS HANDLING,YA-23Y019,67,MPC15,2023-04-11 00:00:00.443,R,A,A3D4,3
H20551,810265,'',TW,USD,TA YIH MATERIALS HANDLING,YA-23Y020,67,MPC15,2023-04-11 00:00:00.443,R,A,A3D4,3
H20552,810265,'',TW,USD,TA YIH MATERIALS HANDLING,YA-23Y021,67,MPC15,2023-04-11 00:00:00.443,R,A,A3D4,3
H25274,862065,'',NZ,USD,S.G EQUIPMENT LTD,A1072,67,MO25,2023-04-27 00:00:00.510,R,P,E857,3
H20553,810265,'',TW,USD,TA YIH MATERIALS HANDLING,YA-23Y022,67,MPC15,2023-04-11 00:00:00.443,R,A,A3D4,3
H20554,810265,'',TW,USD,TA YIH MATERIALS HANDLING,YA-23Y023,67,MPC15,2023-04-11 00:00:00.443,R,A,A3D4,3
H20555,810265,'',TW,USD,TA YIH MATERIALS HANDLING,YA-23Y024,67,MPC15,2023-04-11 00:00:00.443,R,A,A3D4,3
H20556,810265,'',TW,USD,TA YIH MATERIALS HANDLING,YA-23Y025,67,MPC15,2023-04-11 00:00:00.443,R,A,A3D4,3
H20557,810265,'',TW,USD,TA YIH MATERIALS HANDLING,YA-23Y026,67,MPC15,2023-04-11 00:00:00.443,R,A,A3D4,3
H20558,810265,'',TW,USD,TA YIH MATERIALS HANDLING,YA-23Y027,67,MPC15,2023-04-11 00:00:00.443,R,A,A3D4,3
H20559,810265,'',TW,USD,TA YIH MATERIALS HANDLING,YA-23Y028,67,MPC15,2023-04-11 00:00:00.443,R,A,A3D4,3
H20560,810265,'',TW,USD,TA YIH MATERIALS HANDLING,YA-23Y029,67,MPC15,2023-04-11 00:00:00.443,R,A,A3D4,3
H20561,810265,'',TW,USD,TA YIH MATERIALS HANDLING,YA-23Y030,67,MPC15,2023-04-11 00:00:00.443,R,A,A3D4,3
H20562,810265,'',TW,USD,TA YIH MATERIALS HANDLING,YA-23Y031,67,MPC15,2023-04-11 00:00:00.443,R,A,A3D4,3
H20563,810265,'',TW,USD,TA YIH MATERIALS HANDLING,YA-23Y032,67,MPC15,2023-04-11 00:00:00.444,R,A,A3D4,3
H20564,810265,'',TW,USD,TA YIH MATERIALS HANDLING,YA-23Y033,67,MPC15,2023-04-11 00:00:00.444,R,A,A3D4,3
H20565,810265,'',TW,USD,TA YIH MATERIALS HANDLING,YA-23Y034,67,MPC15,2023-04-11 00:00:00.444,R,A,A3D4,3
H20505,810265,'',TW,USD,TA YIH MATERIALS HANDLING,YA-23Y035,67,MPC15,2023-04-11 00:00:00.444,R,A,A3D4,3
H20506,810265,'',TW,USD,TA YIH MATERIALS HANDLING,YA-23Y036,67,MPC15,2023-04-11 00:00:00.444,R,A,A3D4,3
H20507,810265,'',TW,USD,TA YIH MATERIALS HANDLING,YA-23Y037,67,MPC15,2023-04-11 00:00:00.444,R,A,A3D4,3
H20508,810265,'',TW,USD,TA YIH MATERIALS HANDLING,YA-23Y038,67,MPC15,2023-04-11 00:00:00.444,R,A,A3D4,3
H20509,810265,'',TW,USD,TA YIH MATERIALS HANDLING,YA-23Y039,67,MPC15,2023-04-11 00:00:00.444,R,A,A3D4,3
H20510,810265,'',TW,USD,TA YIH MATERIALS HANDLING,YA-23Y040,67,MPC15,2023-04-11 00:00:00.444,R,A,A3D4,3
H20511,810265,'',TW,USD,TA YIH MATERIALS HANDLING,YA-23Y041,67,MPC15,2023-04-11 00:00:00.444,R,A,A3D4,3
H20512,810265,'',TW,USD,TA YIH MATERIALS HANDLING,YA-23Y042,67,MPC15,2023-04-11 00:00:00.444,R,A,A3D4,3
H20513,810265,'',TW,USD,TA YIH MATERIALS HANDLING,YA-23Y043,67,MPC15,2023-04-11 00:00:00.444,R,A,A3D4,3
H20514,810265,'',TW,USD,TA YIH MATERIALS HANDLING,YA-23Y044,67,MPC15,2023-04-11 00:00:00.444,R,A,A3D4,3
H20515,810265,'',TW,USD,TA YIH MATERIALS HANDLING,YA-23Y045,67,MPC15,2023-04-11 00:00:00.444,R,A,A3D4,3
H20516,810265,'',TW,USD,TA YIH MATERIALS HANDLING,YA-23Y046,67,MPC15,2023-04-11 00:00:00.444,R,A,A3D4,3
H20517,810265,'',TW,USD,TA YIH MATERIALS HANDLING,YA-23Y047,67,MPC15,2023-04-11 00:00:00.444,R,A,A3D4,3
H20518,810265,'',TW,USD,TA YIH MATERIALS HANDLING,YA-23Y048,67,MPC15,2023-04-11 00:00:00.444,R,A,A3D4,3
H20519,810265,'',TW,USD,TA YIH MATERIALS HANDLING,YA-23Y049,67,MPC15,2023-04-11 00:00:00.444,R,A,A3D4,3
H20520,810265,'',TW,USD,TA YIH MATERIALS HANDLING,YA-23Y050,67,MPC15,2023-04-11 00:00:00.444,R,A,A3D4,3
H20521,810265,'',TW,USD,TA YIH MATERIALS HANDLING,YA-23Y051,67,MPC15,2023-04-11 00:00:00.444,R,A,A3D4,3
H20522,810265,'',TW,USD,TA YIH MATERIALS HANDLING,YA-23Y052,67,MPC15,2023-04-11 00:00:00.444,R,A,A3D4,3
H20523,810265,'',TW,USD,TA YIH MATERIALS HANDLING,YA-23Y053,67,MPC15,2023-04-11 00:00:00.444,R,A,A3D4,3
H20524,810265,'',TW,USD,TA YIH MATERIALS HANDLING,YA-23Y054,67,MPC15,2023-04-11 00:00:00.444,R,A,A3D4,3
H20525,810265,'',TW,USD,TA YIH MATERIALS HANDLING,YA-23Y055,67,MPC15,2023-04-11 00:00:00.444,R,A,A3D4,3
H20526,810265,'',TW,USD,TA YIH MATERIALS HANDLING,YA-23Y056,67,MPC15,2023-04-11 00:00:00.444,R,A,A3D4,3
H20527,810265,'',TW,USD,TA YIH MATERIALS HANDLING,YA-23Y057,67,MPC15,2023-04-11 00:00:00.444,R,A,A3D4,3
H20528,810265,'',TW,USD,TA YIH MATERIALS HANDLING,YA-23Y058,67,MPC15,2023-04-11 00:00:00.444,R,A,A3D4,3
H20529,810265,'',TW,USD,TA YIH MATERIALS HANDLING,YA-23Y059,67,MPC15,2023-04-11 00:00:00.444,R,A,A3D4,3
H20530,810265,'',TW,USD,TA YIH MATERIALS HANDLING,YA-23Y060,67,MPC15,2023-04-11 00:00:00.444,R,A,A3D4,3
H20531,810265,'',TW,USD,TA YIH MATERIALS HANDLING,YA-23Y061,67,MPC15,2023-04-11 00:00:00.444,R,A,A3D4,3
H20532,810265,'',TW,USD,TA YIH MATERIALS HANDLING,YA-23Y062,67,MPC15,2023-04-11 00:00:00.444,R,A,A3D4,3
H20533,810265,'',TW,USD,TA YIH MATERIALS HANDLING,YA-23Y063,67,MPC15,2023-04-11 00:00:00.444,R,A,A3D4,3
H20534,810265,'',TW,USD,TA YIH MATERIALS HANDLING,YA-23Y064,67,MPC15,2023-04-11 00:00:00.444,R,A,A3D4,3
H20567,1255,'',TH,USD,'DILOK AND SONS CO.,LTD.',ID2023/1650,65,H5.0UT,2023-04-11 00:00:00.444,R,A,A3C6,5
H20568,1255,'',TH,USD,'DILOK AND SONS CO.,LTD.',ID2023/1651,65,H5.0UT,2023-04-11 00:00:00.444,R,A,A3C6,5
H20569,1255,'',TH,USD,'DILOK AND SONS CO.,LTD.',ID2023/1652,65,R1.6 406,2023-04-11 00:00:00.444,R,A,A406,2
H20570,1255,'',TH,USD,'DILOK AND SONS CO.,LTD.',ID2023/1653,65,R1.6 406,2023-04-11 00:00:00.444,R,A,A406,2
H20572,880805,'',IN,USD,ELECTROMECH LIFT TRUCKS,'23-24/I0013',67,MSL15WUX,2023-04-11 00:00:00.444,R,A,A7R6,3
H20828,6065,'',TH,USD,'DILOK AND SONS CO.,LTD.',TH2023/8512,65,J2.5UT,2023-04-11 00:00:00.444,R,A,A3C4,1
H20829,6065,'',TH,USD,'DILOK AND SONS CO.,LTD.',TH2023/8513,65,J2.5UT,2023-04-11 00:00:00.444,R,A,A3C4,1
H20830,6065,'',TH,USD,'DILOK AND SONS CO.,LTD.',TH2023/8514,65,J2.5UT,2023-04-11 00:00:00.444,R,A,A3C4,1
H20831,6065,'',TH,USD,'DILOK AND SONS CO.,LTD.',TH2023/8515,65,J2.5UT,2023-04-11 00:00:00.444,R,A,A3C4,1
H20832,6065,'',TH,USD,'DILOK AND SONS CO.,LTD.',TH2023/8516,65,J2.5UT,2023-04-11 00:00:00.444,R,A,A3C4,1
H20833,6065,'',TH,USD,'DILOK AND SONS CO.,LTD.',TH2023/8517,65,J2.5UT,2023-04-11 00:00:00.444,R,A,A3C4,1
H20834,6065,'',TH,USD,'DILOK AND SONS CO.,LTD.',TH2023/8518,65,J2.5UT,2023-04-11 00:00:00.444,R,A,A3C4,1
H20835,6065,'',TH,USD,'DILOK AND SONS CO.,LTD.',TH2023/8519,65,J2.5UT,2023-04-11 00:00:00.444,R,A,A3C4,1
H20836,6065,'',TH,USD,'DILOK AND SONS CO.,LTD.',TH2023/8520,65,J2.5UT,2023-04-11 00:00:00.444,R,A,A3C4,1
H20837,6065,'',TH,USD,'DILOK AND SONS CO.,LTD.',TH2023/8521,65,J2.5UT,2023-04-11 00:00:00.444,R,A,A3C4,1
H20838,6065,'',TH,USD,'DILOK AND SONS CO.,LTD.',TH2023/8522,65,J2.5UT,2023-04-11 00:00:00.445,R,A,A3C4,1
H20839,6065,'',TH,USD,'DILOK AND SONS CO.,LTD.',TH2023/8523,65,J2.5UT,2023-04-11 00:00:00.445,R,A,A3C4,1
H20840,6065,'',TH,USD,'DILOK AND SONS CO.,LTD.',TH2023/8524,65,J2.5UT,2023-04-11 00:00:00.445,R,A,A3C4,1
H21057,816405,'',KR,USD,'YALE EQUIPMENT, INC','23006YKT0413',67,MTC13,2023-04-13 00:00:00.445,R,A,B868,2
H21058,816405,'',KR,USD,'YALE EQUIPMENT, INC','23006YKT0413',67,MTC13,2023-04-13 00:00:00.445,R,A,B868,2
H21067,1255,'',TH,USD,'DILOK AND SONS CO.,LTD.',ID2023/1646,65,H3.5UT,2023-04-13 00:00:00.445,R,A,A3C1,5
H21068,1255,'',TH,USD,'DILOK AND SONS CO.,LTD.',ID2023/1647,65,H5.0UT,2023-04-13 00:00:00.445,R,A,A3C6,5
H21185,1255,'',TH,USD,'DILOK AND SONS CO.,LTD.',ID2023/1648,65,J2.5UT,2023-04-13 00:00:00.445,R,A,A3C4,1
H21186,1255,'',TH,USD,'DILOK AND SONS CO.,LTD.',ID2023/1649,65,J2.5UT,2023-04-13 00:00:00.445,R,A,A3C4,1
H21621,82065,'',SG,USD,PORTXGROUP PTY LTD,'0254',65,R1.6 406,2023-04-16 00:00:00.445,R,A,A406,2
H21622,82065,'',SG,USD,PORTXGROUP PTY LTD,'0254A',65,R1.6 406,2023-04-16 00:00:00.445,R,A,A406,2
H21623,82065,'',SG,USD,PORTXGROUP PTY LTD,'0254B',65,R1.6 406,2023-04-16 00:00:00.445,R,A,A406,2
H21624,82065,'',SG,USD,PORTXGROUP PTY LTD,'0254C',65,R1.6 406,2023-04-16 00:00:00.445,R,A,A406,2
H21628,17005,'',VN,USD,'KY LUC CO., LTD',Y-U-01223,67,GP70UX6,2023-04-17 00:00:00.445,R,A,A7T0,5
H21629,17005,'',VN,USD,'KY LUC CO., LTD',Y-U-01323-1,67,MP20XUX,2023-04-17 00:00:00.445,R,A,A7R1,3
H21630,17005,'',VN,USD,'KY LUC CO., LTD',Y-U-01323-2,67,MP20UX,2023-04-17 00:00:00.445,R,A,A7R5,3
H21751,999010,'',SG,USD,UNALLOCATED-HYSTER ASIA,STOCKAPR-1,65,H3.0AU,2023-04-17 00:00:00.445,R,A,C3C1,5
H21752,999065,'',SG,USD,UNALLOCATED-YALE ASIA,STOCKAPR-2,67,GP3.0NU,2023-04-17 00:00:00.464,R,A,C7S1,5
H22114,814065,'',TH,USD,JENBUNJERD CO LTD,POI2300290,67,GP35UX,2023-04-19 00:00:00.464,R,A,A7S1,5
H22119,6065,'',TH,USD,'DILOK AND SONS CO.,LTD.',TH2023/8525,65,J1.5UT,2023-04-19 00:00:00.464,R,A,A3C4,1
H22120,6065,'',TH,USD,'DILOK AND SONS CO.,LTD.',TH2023/8526,65,J1.5UT,2023-04-19 00:00:00.464,R,A,A3C4,1
H22121,6065,'',TH,USD,'DILOK AND SONS CO.,LTD.',TH2023/8527,65,J1.5UT,2023-04-19 00:00:00.464,R,A,A3C4,1
H22122,6065,'',TH,USD,'DILOK AND SONS CO.,LTD.',TH2023/8528,65,J1.5UT,2023-04-19 00:00:00.464,R,A,A3C4,1
H22436,6065,'',TH,USD,'DILOK AND SONS CO.,LTD.',TH2023/8529,65,R2.50EX  2,2023-04-20 00:00:00.464,R,A,B925,2
H22437,880805,'',IN,USD,ELECTROMECH LIFT TRUCKS,'23-24/I0017',67,MS15XUX,2023-04-20 00:00:00.464,R,A,A7R3,3
H22438,880805,'',IN,USD,ELECTROMECH LIFT TRUCKS,'23-24/I0017-02',67,MS15XUX,2023-04-20 00:00:00.464,R,A,A7R3,3
H22439,880805,'',IN,USD,ELECTROMECH LIFT TRUCKS,'23-24/I0017-03',67,MS15XUX,2023-04-20 00:00:00.464,R,A,A7R3,3
H22440,880805,'',IN,USD,ELECTROMECH LIFT TRUCKS,'23-24/I0017-04',67,MS15XUX,2023-04-20 00:00:00.464,R,A,A7R3,3
H22441,880805,'',IN,USD,ELECTROMECH LIFT TRUCKS,'23-24/I0017-05',67,MS15XUX,2023-04-20 00:00:00.464,R,A,A7R3,3
H22450,880805,'',IN,USD,ELECTROMECH LIFT TRUCKS,'23-24/I0019',67,MP20XUX,2023-04-20 00:00:00.464,R,A,A7R1,3
H22451,880805,'',IN,USD,ELECTROMECH LIFT TRUCKS,'23-24/I0019-05',67,MP20XUX,2023-04-20 00:00:00.464,R,A,A7R1,3
H22452,880805,'',IN,USD,ELECTROMECH LIFT TRUCKS,'23-24/I0019-02',67,MP20XUX,2023-04-20 00:00:00.464,R,A,A7R1,3
H22453,880805,'',IN,USD,ELECTROMECH LIFT TRUCKS,'23-24/I0019-03',67,MP20XUX,2023-04-20 00:00:00.464,R,A,A7R1,3
H22454,880805,'',IN,USD,ELECTROMECH LIFT TRUCKS,'23-24/I0019-04',67,MP20XUX,2023-04-20 00:00:00.464,R,A,A7R1,3
H22585,810265,'',TW,USD,TA YIH MATERIALS HANDLING,YA-23Y065,67,MPC15,2023-04-20 00:00:00.464,R,A,A3D4,3
H22586,810265,'',TW,USD,TA YIH MATERIALS HANDLING,YA-23Y066,67,MPC15,2023-04-20 00:00:00.464,R,A,A3D4,3
H22587,810265,'',TW,USD,TA YIH MATERIALS HANDLING,YA-23Y067,67,MPC15,2023-04-20 00:00:00.464,R,A,A3D4,3
H22588,810265,'',TW,USD,TA YIH MATERIALS HANDLING,YA-23Y068,67,MPC15,2023-04-20 00:00:00.464,R,A,A3D4,3
H22589,810265,'',TW,USD,TA YIH MATERIALS HANDLING,YA-23Y069,67,MPC15,2023-04-20 00:00:00.464,R,A,A3D4,3
H22590,810265,'',TW,USD,TA YIH MATERIALS HANDLING,YA-23Y070,67,MPC15,2023-04-20 00:00:00.464,R,A,A3D4,3
H22591,810265,'',TW,USD,TA YIH MATERIALS HANDLING,YA-23Y071,67,MPC15,2023-04-20 00:00:00.464,R,A,A3D4,3
H22592,810265,'',TW,USD,TA YIH MATERIALS HANDLING,YA-23Y072,67,MPC15,2023-04-20 00:00:00.464,R,A,A3D4,3
H22593,810265,'',TW,USD,TA YIH MATERIALS HANDLING,YA-23Y073,67,MPC15,2023-04-20 00:00:00.464,R,A,A3D4,3
H22594,810265,'',TW,USD,TA YIH MATERIALS HANDLING,YA-23Y074,67,MPC15,2023-04-20 00:00:00.464,R,A,A3D4,3
H22595,5065,'',SG,USD,HYSTER-YALE LIFT TRUCKS,HYS2023-017,65,S1.0,2023-04-20 00:00:00.464,R,A,D456,3
H22596,5065,'',SG,USD,HYSTER-YALE LIFT TRUCKS,HYS2023-015,65,J3.0UT,2023-04-20 00:00:00.464,R,A,A3C4,1
H22597,5065,'',SG,USD,HYSTER-YALE LIFT TRUCKS,HYS2023-016,65,J3.0UT,2023-04-20 00:00:00.464,R,A,A3C4,1
H23168,808065,'',PH,USD,'YALETRAK PHILIPPINES, INC',TRK-2099-23A,67,GP35MX,2023-04-24 00:00:00.464,R,A,D871,5
H23169,808065,'',PH,USD,'YALETRAK PHILIPPINES, INC',TRK-2099-23B,67,GP35MX,2023-04-24 00:00:00.464,R,A,D871,5
H23170,808065,'',PH,USD,'YALETRAK PHILIPPINES, INC',TRK-2099-23C,67,GP35MX,2023-04-24 00:00:00.464,R,A,D871,5
H23342,814065,'',TH,USD,JENBUNJERD CO LTD,POI2300304,67,MPC15,2023-04-25 00:00:00.464,R,A,A3D4,3
H23343,814065,'',TH,USD,JENBUNJERD CO LTD,POI2300305,67,MPC15,2023-04-25 00:00:00.464,R,A,A3D4,3
H23344,814065,'',TH,USD,JENBUNJERD CO LTD,POI2300306,67,MPC15,2023-04-25 00:00:00.464,R,A,A3D4,3
H23345,814065,'',TH,USD,JENBUNJERD CO LTD,POI2300307,67,MPC15,2023-04-25 00:00:00.464,R,A,A3D4,3
H23346,814065,'',TH,USD,JENBUNJERD CO LTD,POI2300308,67,MPC15,2023-04-25 00:00:00.464,R,A,A3D4,3
H23347,814065,'',TH,USD,JENBUNJERD CO LTD,POI2300309,67,MPC15,2023-04-25 00:00:00.464,R,A,A3D4,3
H23348,814065,'',TH,USD,JENBUNJERD CO LTD,POI2300310,67,MPC15,2023-04-25 00:00:00.464,R,A,A3D4,3
H23349,814065,'',TH,USD,JENBUNJERD CO LTD,POI2300311,67,MPC15,2023-04-25 00:00:00.464,R,A,A3D4,3
H23350,814065,'',TH,USD,JENBUNJERD CO LTD,POI2300312,67,MPC15,2023-04-25 00:00:00.464,R,A,A3D4,3
H23351,814065,'',TH,USD,JENBUNJERD CO LTD,POI2300313,67,MPC15,2023-04-25 00:00:00.464,R,A,A3D4,3
H23352,814065,'',TH,USD,JENBUNJERD CO LTD,POI2300314,67,MPC15,2023-04-25 00:00:00.464,R,A,A3D4,3
H23353,814065,'',TH,USD,JENBUNJERD CO LTD,POI2300315,67,MPC15,2023-04-25 00:00:00.464,R,A,A3D4,3
H23354,814065,'',TH,USD,JENBUNJERD CO LTD,POI2300316,67,MPC15,2023-04-25 00:00:00.464,R,A,A3D4,3
H23355,814065,'',TH,USD,JENBUNJERD CO LTD,POI2300317,67,MPC15,2023-04-25 00:00:00.464,R,A,A3D4,3
H23356,814065,'',TH,USD,JENBUNJERD CO LTD,POI2300318,67,MPC15,2023-04-25 00:00:00.464,R,A,A3D4,3
H23357,814065,'',TH,USD,JENBUNJERD CO LTD,POI2300319,67,MPC15,2023-04-25 00:00:00.464,R,A,A3D4,3
H23358,814065,'',TH,USD,JENBUNJERD CO LTD,POI2300320,67,MPC15,2023-04-25 00:00:00.464,R,A,A3D4,3
H23359,814065,'',TH,USD,JENBUNJERD CO LTD,POI2300321,67,MPC15,2023-04-25 00:00:00.464,R,A,A3D4,3
H23360,814065,'',TH,USD,JENBUNJERD CO LTD,POI2300322,67,MPC15,2023-04-25 00:00:00.464,R,A,A3D4,3
H23361,814065,'',TH,USD,JENBUNJERD CO LTD,POI2300323,67,MPC15,2023-04-25 00:00:00.465,R,A,A3D4,3
H23362,814065,'',TH,USD,JENBUNJERD CO LTD,POI2300324,67,MPC15,2023-04-25 00:00:00.465,R,A,A3D4,3
H23363,814065,'',TH,USD,JENBUNJERD CO LTD,POI2300325,67,MPC15,2023-04-25 00:00:00.465,R,A,A3D4,3
H23364,814065,'',TH,USD,JENBUNJERD CO LTD,POI2300326,67,MPC15,2023-04-25 00:00:00.465,R,A,A3D4,3
H23366,814065,'',TH,USD,JENBUNJERD CO LTD,POI2300327,67,MPC15,2023-04-25 00:00:00.465,R,A,A3D4,3
H23367,814065,'',TH,USD,JENBUNJERD CO LTD,POI2300328,67,MPC15,2023-04-25 00:00:00.465,R,A,A3D4,3
H23368,814065,'',TH,USD,JENBUNJERD CO LTD,POI2300329,67,MPC15,2023-04-25 00:00:00.465,R,A,A3D4,3
H23369,814065,'',TH,USD,JENBUNJERD CO LTD,POI2300330,67,MPC15,2023-04-25 00:00:00.465,R,A,A3D4,3
H23370,814065,'',TH,USD,JENBUNJERD CO LTD,POI2300331,67,MPC15,2023-04-25 00:00:00.465,R,A,A3D4,3
H23371,814065,'',TH,USD,JENBUNJERD CO LTD,POI2300332,67,MPC15,2023-04-25 00:00:00.465,R,A,A3D4,3
H23372,814065,'',TH,USD,JENBUNJERD CO LTD,POI2300333,67,MPC15,2023-04-25 00:00:00.465,R,A,A3D4,3
H23373,814065,'',TH,USD,JENBUNJERD CO LTD,POI2300334,67,MPC15,2023-04-25 00:00:00.465,R,A,A3D4,3
H23374,814065,'',TH,USD,JENBUNJERD CO LTD,POI2300335,67,MPC15,2023-04-25 00:00:00.465,R,A,A3D4,3
H23375,814065,'',TH,USD,JENBUNJERD CO LTD,POI2300336,67,MPC15,2023-04-25 00:00:00.465,R,A,A3D4,3
H23376,814065,'',TH,USD,JENBUNJERD CO LTD,POI2300337,67,MPC15,2023-04-25 00:00:00.465,R,A,A3D4,3
H23377,814065,'',TH,USD,JENBUNJERD CO LTD,POI2300338,67,MPC15,2023-04-25 00:00:00.465,R,A,A3D4,3
H23378,814065,'',TH,USD,JENBUNJERD CO LTD,POI2300339,67,MPC15,2023-04-25 00:00:00.465,R,A,A3D4,3
H23379,814065,'',TH,USD,JENBUNJERD CO LTD,POI2300340,67,MPC15,2023-04-25 00:00:00.465,R,A,A3D4,3
H23380,814065,'',TH,USD,JENBUNJERD CO LTD,POI2300341,67,MPC15,2023-04-25 00:00:00.465,R,A,A3D4,3
H23381,814065,'',TH,USD,JENBUNJERD CO LTD,POI2300342,67,MPC15,2023-04-25 00:00:00.465,R,A,A3D4,3
H23382,814065,'',TH,USD,JENBUNJERD CO LTD,POI2300343,67,MPC15,2023-04-25 00:00:00.465,R,A,A3D4,3
H23383,814065,'',TH,USD,JENBUNJERD CO LTD,POI2300344,67,MPC15,2023-04-25 00:00:00.465,R,A,A3D4,3
H23384,814065,'',TH,USD,JENBUNJERD CO LTD,POI2300345,67,MPC15,2023-04-25 00:00:00.465,R,A,A3D4,3
H23385,814065,'',TH,USD,JENBUNJERD CO LTD,POI2300346,67,MPC15,2023-04-25 00:00:00.465,R,A,A3D4,3
H23386,814065,'',TH,USD,JENBUNJERD CO LTD,POI2300347,67,MPC15,2023-04-25 00:00:00.465,R,A,A3D4,3
H23387,814065,'',TH,USD,JENBUNJERD CO LTD,POI2300348,67,MPC15,2023-04-25 00:00:00.465,R,A,A3D4,3
H23365,814065,'',TH,USD,JENBUNJERD CO LTD,POI2300349,67,MPC15,2023-04-25 00:00:00.465,R,A,A3D4,3
H23388,814065,'',TH,USD,JENBUNJERD CO LTD,POI2300350,67,MPC15,2023-04-25 00:00:00.465,R,A,A3D4,3
H23389,814065,'',TH,USD,JENBUNJERD CO LTD,POI2300351,67,MPC15,2023-04-25 00:00:00.465,R,A,A3D4,3
H23390,814065,'',TH,USD,JENBUNJERD CO LTD,POI2300352,67,MPC15,2023-04-25 00:00:00.465,R,A,A3D4,3
H23839,808065,'',PH,USD,'YALETRAK PHILIPPINES, INC',TRK-2100-23A,67,NDR035EC,2023-04-25 00:00:00.465,R,A,E861,2
H23840,808065,'',PH,USD,'YALETRAK PHILIPPINES, INC',TRK-2100-23 B,67,NDR035EC,2023-04-25 00:00:00.465,R,A,E861,2
H23846,810265,'',TW,USD,TA YIH MATERIALS HANDLING,YA-23Y075,67,FBR25SZ,2023-04-26 00:00:00.465,R,A,C224,2
H24158,81645,'',KR,USD,HYSTER KOREA INC.,'23023HKT0427',65,R1.50EX  2,2023-04-27 00:00:00.465,R,A,C915,2
H24279,880805,'',IN,USD,ELECTROMECH LIFT TRUCKS,'23-24/I0024',67,MS15XUX,2023-04-27 00:00:00.465,R,A,A7R3,3
H24280,880805,'',IN,USD,ELECTROMECH LIFT TRUCKS,'23-24/I0024-06',67,MS15XUX,2023-04-27 00:00:00.465,R,A,A7R3,3
H24281,880805,'',IN,USD,ELECTROMECH LIFT TRUCKS,'23-24/I0024-02',67,MS15XUX,2023-04-27 00:00:00.465,R,A,A7R3,3
H24282,880805,'',IN,USD,ELECTROMECH LIFT TRUCKS,'23-24/I0024-03',67,MS15XUX,2023-04-27 00:00:00.465,R,A,A7R3,3
H24283,880805,'',IN,USD,ELECTROMECH LIFT TRUCKS,'23-24/I0024-04',67,MS15XUX,2023-04-27 00:00:00.465,R,A,A7R3,3
H24284,880805,'',IN,USD,ELECTROMECH LIFT TRUCKS,'23-24/I0024-05',67,MS15XUX,2023-04-27 00:00:00.465,R,A,A7R3,3
H24285,880805,'',IN,USD,ELECTROMECH LIFT TRUCKS,'23-24/I0024-07',67,MS15XUX,2023-04-27 00:00:00.465,R,A,A7R3,3
H24286,880805,'',IN,USD,ELECTROMECH LIFT TRUCKS,'23-24/I0024-08',67,MS15XUX,2023-04-27 00:00:00.465,R,A,A7R3,3
H24287,880805,'',IN,USD,ELECTROMECH LIFT TRUCKS,'23-24/I0024-09',67,MS15XUX,2023-04-27 00:00:00.465,R,A,A7R3,3
H24288,880805,'',IN,USD,ELECTROMECH LIFT TRUCKS,'23-24/I0025',67,ERP35UX,2023-04-27 00:00:00.465,R,A,A7S4,1
H24289,880805,'',IN,USD,ELECTROMECH LIFT TRUCKS,'23-24/I0025-02',67,ERP35UX,2023-04-27 00:00:00.465,R,A,A7S4,1
H24290,880805,'',IN,USD,ELECTROMECH LIFT TRUCKS,'23-24/I0025-03',67,ERP35UX,2023-04-27 00:00:00.465,R,A,A7S4,1
H24291,880805,'',IN,USD,ELECTROMECH LIFT TRUCKS,'23-24/I0025-04',67,ERP35UX,2023-04-27 00:00:00.465,R,A,A7S4,1
H24299,880805,'',IN,USD,ELECTROMECH LIFT TRUCKS,'23-24/I0026',67,GP30UX,2023-04-27 00:00:00.481,R,A,A7S1,5
H24300,880805,'',IN,USD,ELECTROMECH LIFT TRUCKS,'23-24/I0026-02',67,GP30UX,2023-04-27 00:00:00.481,R,A,A7S1,5
H24301,880805,'',IN,USD,ELECTROMECH LIFT TRUCKS,'23-24/I0026-03',67,GP30UX,2023-04-27 00:00:00.481,R,A,A7S1,5
H24302,880805,'',IN,USD,ELECTROMECH LIFT TRUCKS,'23-24/I0026-04',67,GP30UX,2023-04-27 00:00:00.481,R,A,A7S1,5
H24303,880805,'',IN,USD,ELECTROMECH LIFT TRUCKS,'23-24/I0026-05',67,GP30UX,2023-04-27 00:00:00.481,R,A,A7S1,5
H25207,816405,'',KR,USD,'YALE EQUIPMENT, INC','23007YKT0428',67,MTC15,2023-04-27 00:00:00.481,R,A,B869,2
H25208,816405,'',KR,USD,'YALE EQUIPMENT, INC','23008YKT0428',67,MTC15,2023-04-27 00:00:00.481,R,A,B869,2
H25209,816405,'',KR,USD,'YALE EQUIPMENT, INC','23010YKT0428',67,MTC15,2023-04-27 00:00:00.481,R,A,B869,2
H25210,816405,'',KR,USD,'YALE EQUIPMENT, INC','23009YKT0428',67,MTC15,2023-04-27 00:00:00.481,R,A,B869,2
H25260,1255,'',TH,USD,'DILOK AND SONS CO.,LTD.',ID2023/1654,65,J2.5GX,2023-04-27 00:00:00.481,R,A,C225,1
H25261,1255,'',TH,USD,'DILOK AND SONS CO.,LTD.',ID2023/1655,65,J2.5GX,2023-04-27 00:00:00.481,R,A,C225,1
H25262,1255,'',TH,USD,'DILOK AND SONS CO.,LTD.',ID2023/1656,65,J2.5GX,2023-04-27 00:00:00.481,R,A,C225,1
H25263,1255,'',TH,USD,'DILOK AND SONS CO.,LTD.',ID2023/1657,65,J2.5GX,2023-04-27 00:00:00.481,R,A,C225,1
H25264,1255,'',TH,USD,'DILOK AND SONS CO.,LTD.',ID2023/1658,65,J2.5GX,2023-04-27 00:00:00.481,R,A,C225,1
H25265,1255,'',TH,USD,'DILOK AND SONS CO.,LTD.',ID2023/1659,65,J2.5GX,2023-04-27 00:00:00.481,R,A,C225,1
H25420,880235,'',SG,USD,JAKSON INTERNATIONAL PTE,JIL-439,65,J2.5UT,2023-04-28 00:00:00.481,R,A,A3C4,1
H19904,87605,'',AU,AUD,ADAPT-A-LIFT GROUP (WA),'946487/001',65,H5.0FT,2023-04-04 00:00:00.481,R,P,U005,5
H20460,87625,'',AU,AUD,ADAPT-A-LIFT GROUP (VIC),'947047/001',67,ERP25VL,2023-04-10 00:00:00.481,R,P,A976,1
H20461,87625,'',AU,AUD,ADAPT-A-LIFT GROUP (VIC),'947047/002',67,ERP25VL,2023-04-10 00:00:00.481,R,P,A976,1
H20462,87625,'',AU,AUD,ADAPT-A-LIFT GROUP (VIC),'947047/003',67,ERP25VL,2023-04-10 00:00:00.481,R,P,A976,1
H20463,87625,'',AU,AUD,ADAPT-A-LIFT GROUP (VIC),'947056/001',67,ERP20VT,2023-04-10 00:00:00.481,R,P,G807,1
H20464,87625,'',AU,AUD,ADAPT-A-LIFT GROUP (VIC),'947056/002',67,ERP20VT,2023-04-10 00:00:00.481,R,P,G807,1
H20465,87625,'',AU,AUD,ADAPT-A-LIFT GROUP (VIC),'947056/003',67,ERP20VT,2023-04-10 00:00:00.481,R,P,G807,1
H21592,87605,'',AU,AUD,ADAPT-A-LIFT GROUP (WA),'947688/001',65,R30XMS3,2023-04-16 00:00:00.481,R,P,E174,2
H21619,87575,'',AU,AUD,ADAPT-A-LIFT GROUP (QLD),'947824/001',65,H2.5XT,2023-04-16 00:00:00.481,R,P,D466,5
H22583,87605,'',AU,AUD,ADAPT-A-LIFT GROUP (WA),'948016/001',65,H48XD12,2023-04-20 00:00:00.481,R,P,D917,5
H22584,87605,'',AU,AUD,ADAPT-A-LIFT GROUP (WA),'948016/002',65,H48XD12,2023-04-20 00:00:00.481,R,P,D917,5
H23216,87585,'',AU,AUD,ADAPT-A-LIFT GROUP (NSW),'949128/001',65,PC1.5,2023-04-24 00:00:00.481,R,P,A6W9,3
H23218,87585,'',AU,AUD,ADAPT-A-LIFT GROUP (NSW),'949128/002',65,PC1.5,2023-04-24 00:00:00.481,R,P,A6W9,3
H23219,87585,'',AU,AUD,ADAPT-A-LIFT GROUP (NSW),'949128/003',65,PC1.5,2023-04-24 00:00:00.481,R,P,A6W9,3
H23220,87585,'',AU,AUD,ADAPT-A-LIFT GROUP (NSW),'949128/004',65,PC1.5,2023-04-24 00:00:00.481,R,P,A6W9,3
H23221,87585,'',AU,AUD,ADAPT-A-LIFT GROUP (NSW),'949128/005',65,PC1.5,2023-04-24 00:00:00.481,R,P,A6W9,3
H23222,87585,'',AU,AUD,ADAPT-A-LIFT GROUP (NSW),'949128/006',65,PC1.5,2023-04-24 00:00:00.481,R,P,A6W9,3
H23223,87585,'',AU,AUD,ADAPT-A-LIFT GROUP (NSW),'949128/007',65,PC1.5,2023-04-24 00:00:00.481,R,P,A6W9,3
H23224,87585,'',AU,AUD,ADAPT-A-LIFT GROUP (NSW),'949128/008',65,PC1.5,2023-04-24 00:00:00.481,R,P,A6W9,3
H23225,87585,'',AU,AUD,ADAPT-A-LIFT GROUP (NSW),'949128/009',65,PC1.5,2023-04-24 00:00:00.481,R,P,A6W9,3
H23226,87585,'',AU,AUD,ADAPT-A-LIFT GROUP (NSW),'949128/010',65,PC1.5,2023-04-24 00:00:00.481,R,P,A6W9,3
H23227,87585,'',AU,AUD,ADAPT-A-LIFT GROUP (NSW),'949128/011',65,PC1.5,2023-04-24 00:00:00.481,R,P,A6W9,3
H23228,87585,'',AU,AUD,ADAPT-A-LIFT GROUP (NSW),'949128/012',65,PC1.5,2023-04-24 00:00:00.481,R,P,A6W9,3
H23229,87585,'',AU,AUD,ADAPT-A-LIFT GROUP (NSW),'949128/013',65,PC1.5,2023-04-24 00:00:00.481,R,P,A6W9,3
H23230,87585,'',AU,AUD,ADAPT-A-LIFT GROUP (NSW),'949128/014',65,PC1.5,2023-04-24 00:00:00.481,R,P,A6W9,3
H23231,87585,'',AU,AUD,ADAPT-A-LIFT GROUP (NSW),'949128/015',65,PC1.5,2023-04-24 00:00:00.481,R,P,A6W9,3
H23232,87585,'',AU,AUD,ADAPT-A-LIFT GROUP (NSW),'949128/016',65,PC1.5,2023-04-24 00:00:00.481,R,P,A6W9,3
H23233,87585,'',AU,AUD,ADAPT-A-LIFT GROUP (NSW),'949128/017',65,PC1.5,2023-04-24 00:00:00.481,R,P,A6W9,3
H23234,87585,'',AU,AUD,ADAPT-A-LIFT GROUP (NSW),'949128/018',65,PC1.5,2023-04-24 00:00:00.481,R,P,A6W9,3
H23235,87585,'',AU,AUD,ADAPT-A-LIFT GROUP (NSW),'949128/019',65,PC1.5,2023-04-24 00:00:00.481,R,P,A6W9,3
H23236,87585,'',AU,AUD,ADAPT-A-LIFT GROUP (NSW),'949128/020',65,PC1.5,2023-04-24 00:00:00.482,R,P,A6W9,3
H23237,87585,'',AU,AUD,ADAPT-A-LIFT GROUP (NSW),'949128/021',65,PC1.5,2023-04-24 00:00:00.482,R,P,A6W9,3
H23238,87585,'',AU,AUD,ADAPT-A-LIFT GROUP (NSW),'949128/022',65,PC1.5,2023-04-24 00:00:00.482,R,P,A6W9,3
H23239,87585,'',AU,AUD,ADAPT-A-LIFT GROUP (NSW),'949128/023',65,PC1.5,2023-04-24 00:00:00.482,R,P,A6W9,3
H23240,87585,'',AU,AUD,ADAPT-A-LIFT GROUP (NSW),'949128/024',65,PC1.5,2023-04-24 00:00:00.482,R,P,A6W9,3
H23241,87585,'',AU,AUD,ADAPT-A-LIFT GROUP (NSW),'949128/025',65,PC1.5,2023-04-24 00:00:00.482,R,P,A6W9,3
H23242,87585,'',AU,AUD,ADAPT-A-LIFT GROUP (NSW),'949128/026',65,PC1.5,2023-04-24 00:00:00.482,R,P,A6W9,3
H23243,87585,'',AU,AUD,ADAPT-A-LIFT GROUP (NSW),'949128/027',65,PC1.5,2023-04-24 00:00:00.482,R,P,A6W9,3
H23217,87585,'',AU,AUD,ADAPT-A-LIFT GROUP (NSW),'949128/028',65,H2.5UT,2023-04-24 00:00:00.482,R,P,A3C1,5
H23244,87585,'',AU,AUD,ADAPT-A-LIFT GROUP (NSW),'949128/029',65,H2.5UT,2023-04-24 00:00:00.482,R,P,A3C1,5
H23245,87585,'',AU,AUD,ADAPT-A-LIFT GROUP (NSW),'949128/030',65,H2.5UT,2023-04-24 00:00:00.482,R,P,A3C1,5
H23246,87585,'',AU,AUD,ADAPT-A-LIFT GROUP (NSW),'949128/031',65,H2.5UT,2023-04-24 00:00:00.482,R,P,A3C1,5
H23249,87585,'',AU,AUD,ADAPT-A-LIFT GROUP (NSW),'949128/032',65,H2.5UT,2023-04-24 00:00:00.482,R,P,A3C1,5
H23250,87585,'',AU,AUD,ADAPT-A-LIFT GROUP (NSW),'949128/033',65,H2.5UT,2023-04-24 00:00:00.482,R,P,A3C1,5
H23251,87585,'',AU,AUD,ADAPT-A-LIFT GROUP (NSW),'949128/034',65,H2.5UT,2023-04-24 00:00:00.482,R,P,A3C1,5
H23252,87585,'',AU,AUD,ADAPT-A-LIFT GROUP (NSW),'949128/035',65,H2.5UT,2023-04-24 00:00:00.482,R,P,A3C1,5
H23253,87585,'',AU,AUD,ADAPT-A-LIFT GROUP (NSW),'949128/036',65,H2.5UT,2023-04-24 00:00:00.482,R,P,A3C1,5
H23254,87585,'',AU,AUD,ADAPT-A-LIFT GROUP (NSW),'949128/037',65,H2.5UT,2023-04-24 00:00:00.482,R,P,A3C1,5
H23247,87585,'',AU,AUD,ADAPT-A-LIFT GROUP (NSW),'949128/038',65,H3.5UT,2023-04-24 00:00:00.482,R,P,A3C1,5
H23255,87585,'',AU,AUD,ADAPT-A-LIFT GROUP (NSW),'949128/039',65,H3.5UT,2023-04-24 00:00:00.482,R,P,A3C1,5
H23256,87585,'',AU,AUD,ADAPT-A-LIFT GROUP (NSW),'949128/040',65,H3.5UT,2023-04-24 00:00:00.482,R,P,A3C1,5
H23248,87585,'',AU,AUD,ADAPT-A-LIFT GROUP (NSW),'949128/041',65,H1.8XT,2023-04-24 00:00:00.482,R,P,D475,5
H23272,87575,'',AU,AUD,ADAPT-A-LIFT GROUP (QLD),'949129/001',65,PC1.5,2023-04-24 00:00:00.482,R,P,A6W9,3
H23274,87575,'',AU,AUD,ADAPT-A-LIFT GROUP (QLD),'949129/002',65,PC1.5,2023-04-24 00:00:00.482,R,P,A6W9,3
H23275,87575,'',AU,AUD,ADAPT-A-LIFT GROUP (QLD),'949129/003',65,PC1.5,2023-04-24 00:00:00.482,R,P,A6W9,3
H23276,87575,'',AU,AUD,ADAPT-A-LIFT GROUP (QLD),'949129/004',65,PC1.5,2023-04-24 00:00:00.482,R,P,A6W9,3
H23277,87575,'',AU,AUD,ADAPT-A-LIFT GROUP (QLD),'949129/005',65,PC1.5,2023-04-24 00:00:00.482,R,P,A6W9,3
H23278,87575,'',AU,AUD,ADAPT-A-LIFT GROUP (QLD),'949129/006',65,PC1.5,2023-04-24 00:00:00.482,R,P,A6W9,3
H23279,87575,'',AU,AUD,ADAPT-A-LIFT GROUP (QLD),'949129/007',65,PC1.5,2023-04-24 00:00:00.482,R,P,A6W9,3
H23280,87575,'',AU,AUD,ADAPT-A-LIFT GROUP (QLD),'949129/008',65,PC1.5,2023-04-24 00:00:00.482,R,P,A6W9,3
H23281,87575,'',AU,AUD,ADAPT-A-LIFT GROUP (QLD),'949129/009',65,PC1.5,2023-04-24 00:00:00.482,R,P,A6W9,3
H23282,87575,'',AU,AUD,ADAPT-A-LIFT GROUP (QLD),'949129/010',65,PC1.5,2023-04-24 00:00:00.482,R,P,A6W9,3
H23283,87575,'',AU,AUD,ADAPT-A-LIFT GROUP (QLD),'949129/011',65,PC1.5,2023-04-24 00:00:00.482,R,P,A6W9,3
H23284,87575,'',AU,AUD,ADAPT-A-LIFT GROUP (QLD),'949129/012',65,PC1.5,2023-04-24 00:00:00.482,R,P,A6W9,3
H23285,87575,'',AU,AUD,ADAPT-A-LIFT GROUP (QLD),'949129/013',65,PC1.5,2023-04-24 00:00:00.482,R,P,A6W9,3
H23286,87575,'',AU,AUD,ADAPT-A-LIFT GROUP (QLD),'949129/014',65,PC1.5,2023-04-24 00:00:00.482,R,P,A6W9,3
H23287,87575,'',AU,AUD,ADAPT-A-LIFT GROUP (QLD),'949129/015',65,PC1.5,2023-04-24 00:00:00.482,R,P,A6W9,3
H23288,87575,'',AU,AUD,ADAPT-A-LIFT GROUP (QLD),'949129/016',65,PC1.5,2023-04-24 00:00:00.482,R,P,A6W9,3
H23289,87575,'',AU,AUD,ADAPT-A-LIFT GROUP (QLD),'949129/017',65,PC1.5,2023-04-24 00:00:00.482,R,P,A6W9,3
H23290,87575,'',AU,AUD,ADAPT-A-LIFT GROUP (QLD),'949129/018',65,PC1.5,2023-04-24 00:00:00.482,R,P,A6W9,3
H23291,87575,'',AU,AUD,ADAPT-A-LIFT GROUP (QLD),'949129/019',65,PC1.5,2023-04-24 00:00:00.482,R,P,A6W9,3
H23292,87575,'',AU,AUD,ADAPT-A-LIFT GROUP (QLD),'949129/020',65,PC1.5,2023-04-24 00:00:00.482,R,P,A6W9,3
H23293,87575,'',AU,AUD,ADAPT-A-LIFT GROUP (QLD),'949129/021',65,PC1.5,2023-04-24 00:00:00.482,R,P,A6W9,3
H23294,87575,'',AU,AUD,ADAPT-A-LIFT GROUP (QLD),'949129/022',65,PC1.5,2023-04-24 00:00:00.482,R,P,A6W9,3
H23295,87575,'',AU,AUD,ADAPT-A-LIFT GROUP (QLD),'949129/023',65,PC1.5,2023-04-24 00:00:00.482,R,P,A6W9,3
H23296,87575,'',AU,AUD,ADAPT-A-LIFT GROUP (QLD),'949129/024',65,PC1.5,2023-04-24 00:00:00.482,R,P,A6W9,3
H23297,87575,'',AU,AUD,ADAPT-A-LIFT GROUP (QLD),'949129/025',65,PC1.5,2023-04-24 00:00:00.482,R,P,A6W9,3
H23298,87575,'',AU,AUD,ADAPT-A-LIFT GROUP (QLD),'949129/026',65,PC1.5,2023-04-24 00:00:00.482,R,P,A6W9,3
H23299,87575,'',AU,AUD,ADAPT-A-LIFT GROUP (QLD),'949129/027',65,PC1.5,2023-04-24 00:00:00.482,R,P,A6W9,3
H23273,87575,'',AU,AUD,ADAPT-A-LIFT GROUP (QLD),'949129/028',65,H2.5UT,2023-04-24 00:00:00.482,R,P,A3C1,5
H23300,87575,'',AU,AUD,ADAPT-A-LIFT GROUP (QLD),'949129/029',65,H2.5UT,2023-04-24 00:00:00.482,R,P,A3C1,5
H23301,87575,'',AU,AUD,ADAPT-A-LIFT GROUP (QLD),'949129/030',65,H2.5UT,2023-04-24 00:00:00.482,R,P,A3C1,5
H23257,87575,'',AU,AUD,ADAPT-A-LIFT GROUP (QLD),'949129/031',65,H2.5UT,2023-04-24 00:00:00.482,R,P,A3C1,5
H23263,87575,'',AU,AUD,ADAPT-A-LIFT GROUP (QLD),'949129/032',65,H2.5UT,2023-04-24 00:00:00.496,R,P,A3C1,5
H23265,87575,'',AU,AUD,ADAPT-A-LIFT GROUP (QLD),'949129/033',65,H2.5UT,2023-04-24 00:00:00.496,R,P,A3C1,5
H23266,87575,'',AU,AUD,ADAPT-A-LIFT GROUP (QLD),'949129/034',65,H2.5UT,2023-04-24 00:00:00.496,R,P,A3C1,5
H23268,87575,'',AU,AUD,ADAPT-A-LIFT GROUP (QLD),'949129/035',65,H2.5UT,2023-04-24 00:00:00.496,R,P,A3C1,5
H23259,87575,'',AU,AUD,ADAPT-A-LIFT GROUP (QLD),'949129/036',65,H3.5UT,2023-04-24 00:00:00.496,R,P,A3C1,5
H23270,87575,'',AU,AUD,ADAPT-A-LIFT GROUP (QLD),'949129/037',65,H3.5UT,2023-04-24 00:00:00.496,R,P,A3C1,5
H23271,87575,'',AU,AUD,ADAPT-A-LIFT GROUP (QLD),'949129/038',65,H3.5UT,2023-04-24 00:00:00.496,R,P,A3C1,5
H23261,87575,'',AU,AUD,ADAPT-A-LIFT GROUP (QLD),'949129/039',65,H1.8XT,2023-04-24 00:00:00.496,R,P,D475,5
H23179,87565,'',AU,AUD,ADAPT-A-LIFT GROUP (VIC),'949131/001',65,PC1.5,2023-04-24 00:00:00.496,R,P,A6W9,3
H23181,87565,'',AU,AUD,ADAPT-A-LIFT GROUP (VIC),'949131/002',65,PC1.5,2023-04-24 00:00:00.496,R,P,A6W9,3
H23182,87565,'',AU,AUD,ADAPT-A-LIFT GROUP (VIC),'949131/003',65,PC1.5,2023-04-24 00:00:00.496,R,P,A6W9,3
H23183,87565,'',AU,AUD,ADAPT-A-LIFT GROUP (VIC),'949131/004',65,PC1.5,2023-04-24 00:00:00.496,R,P,A6W9,3
H23184,87565,'',AU,AUD,ADAPT-A-LIFT GROUP (VIC),'949131/005',65,PC1.5,2023-04-24 00:00:00.496,R,P,A6W9,3
H23185,87565,'',AU,AUD,ADAPT-A-LIFT GROUP (VIC),'949131/006',65,PC1.5,2023-04-24 00:00:00.496,R,P,A6W9,3
H23186,87565,'',AU,AUD,ADAPT-A-LIFT GROUP (VIC),'949131/007',65,PC1.5,2023-04-24 00:00:00.496,R,P,A6W9,3
H23187,87565,'',AU,AUD,ADAPT-A-LIFT GROUP (VIC),'949131/008',65,PC1.5,2023-04-24 00:00:00.496,R,P,A6W9,3
H23188,87565,'',AU,AUD,ADAPT-A-LIFT GROUP (VIC),'949131/009',65,PC1.5,2023-04-24 00:00:00.496,R,P,A6W9,3
H23189,87565,'',AU,AUD,ADAPT-A-LIFT GROUP (VIC),'949131/010',65,PC1.5,2023-04-24 00:00:00.496,R,P,A6W9,3
H23190,87565,'',AU,AUD,ADAPT-A-LIFT GROUP (VIC),'949131/011',65,PC1.5,2023-04-24 00:00:00.496,R,P,A6W9,3
H23191,87565,'',AU,AUD,ADAPT-A-LIFT GROUP (VIC),'949131/012',65,PC1.5,2023-04-24 00:00:00.496,R,P,A6W9,3
H23192,87565,'',AU,AUD,ADAPT-A-LIFT GROUP (VIC),'949131/013',65,PC1.5,2023-04-24 00:00:00.496,R,P,A6W9,3
H23193,87565,'',AU,AUD,ADAPT-A-LIFT GROUP (VIC),'949131/014',65,PC1.5,2023-04-24 00:00:00.496,R,P,A6W9,3
H23194,87565,'',AU,AUD,ADAPT-A-LIFT GROUP (VIC),'949131/015',65,PC1.5,2023-04-24 00:00:00.496,R,P,A6W9,3
H23195,87565,'',AU,AUD,ADAPT-A-LIFT GROUP (VIC),'949131/016',65,PC1.5,2023-04-24 00:00:00.496,R,P,A6W9,3
H23196,87565,'',AU,AUD,ADAPT-A-LIFT GROUP (VIC),'949131/017',65,PC1.5,2023-04-24 00:00:00.496,R,P,A6W9,3
H23197,87565,'',AU,AUD,ADAPT-A-LIFT GROUP (VIC),'949131/018',65,PC1.5,2023-04-24 00:00:00.496,R,P,A6W9,3
H23198,87565,'',AU,AUD,ADAPT-A-LIFT GROUP (VIC),'949131/019',65,PC1.5,2023-04-24 00:00:00.496,R,P,A6W9,3
H23199,87565,'',AU,AUD,ADAPT-A-LIFT GROUP (VIC),'949131/020',65,PC1.5,2023-04-24 00:00:00.496,R,P,A6W9,3
H23200,87565,'',AU,AUD,ADAPT-A-LIFT GROUP (VIC),'949131/021',65,PC1.5,2023-04-24 00:00:00.496,R,P,A6W9,3
H23201,87565,'',AU,AUD,ADAPT-A-LIFT GROUP (VIC),'949131/022',65,PC1.5,2023-04-24 00:00:00.496,R,P,A6W9,3
H23202,87565,'',AU,AUD,ADAPT-A-LIFT GROUP (VIC),'949131/023',65,PC1.5,2023-04-24 00:00:00.496,R,P,A6W9,3
H23204,87565,'',AU,AUD,ADAPT-A-LIFT GROUP (VIC),'949131/024',65,PC1.5,2023-04-24 00:00:00.496,R,P,A6W9,3
H23206,87565,'',AU,AUD,ADAPT-A-LIFT GROUP (VIC),'949131/025',65,PC1.5,2023-04-24 00:00:00.496,R,P,A6W9,3
H23208,87565,'',AU,AUD,ADAPT-A-LIFT GROUP (VIC),'949131/026',65,PC1.5,2023-04-24 00:00:00.496,R,P,A6W9,3
H23210,87565,'',AU,AUD,ADAPT-A-LIFT GROUP (VIC),'949131/027',65,PC1.5,2023-04-24 00:00:00.496,R,P,A6W9,3
H23180,87565,'',AU,AUD,ADAPT-A-LIFT GROUP (VIC),'949131/028',65,H2.5UT,2023-04-24 00:00:00.496,R,P,A3C1,5
H23212,87565,'',AU,AUD,ADAPT-A-LIFT GROUP (VIC),'949131/029',65,H2.5UT,2023-04-24 00:00:00.496,R,P,A3C1,5
H23214,87565,'',AU,AUD,ADAPT-A-LIFT GROUP (VIC),'949131/030',65,H2.5UT,2023-04-24 00:00:00.496,R,P,A3C1,5
H23203,87565,'',AU,AUD,ADAPT-A-LIFT GROUP (VIC),'949131/031',65,H2.5UT,2023-04-24 00:00:00.496,R,P,A3C1,5
H23209,87565,'',AU,AUD,ADAPT-A-LIFT GROUP (VIC),'949131/032',65,H2.5UT,2023-04-24 00:00:00.496,R,P,A3C1,5
H23211,87565,'',AU,AUD,ADAPT-A-LIFT GROUP (VIC),'949131/033',65,H2.5UT,2023-04-24 00:00:00.496,R,P,A3C1,5
H23205,87565,'',AU,AUD,ADAPT-A-LIFT GROUP (VIC),'949131/034',65,H3.5UT,2023-04-24 00:00:00.496,R,P,A3C1,5
H23213,87565,'',AU,AUD,ADAPT-A-LIFT GROUP (VIC),'949131/035',65,H3.5UT,2023-04-24 00:00:00.496,R,P,A3C1,5
H23215,87565,'',AU,AUD,ADAPT-A-LIFT GROUP (VIC),'949131/036',65,H3.5UT,2023-04-24 00:00:00.496,R,P,A3C1,5
H23207,87565,'',AU,AUD,ADAPT-A-LIFT GROUP (VIC),'949131/037',65,H1.8XT,2023-04-24 00:00:00.496,R,P,D475,5
H23302,87605,'',AU,AUD,ADAPT-A-LIFT GROUP (WA),'949132/001',65,PC1.5,2023-04-25 00:00:00.496,R,P,A6W9,3
H23313,87605,'',AU,AUD,ADAPT-A-LIFT GROUP (WA),'949132/0010',65,PC1.5,2023-04-25 00:00:00.496,R,P,A6W9,3
H23305,87605,'',AU,AUD,ADAPT-A-LIFT GROUP (WA),'949132/002',65,PC1.5,2023-04-25 00:00:00.497,R,P,A6W9,3
H23306,87605,'',AU,AUD,ADAPT-A-LIFT GROUP (WA),'949132/003',65,PC1.5,2023-04-25 00:00:00.497,R,P,A6W9,3
H23307,87605,'',AU,AUD,ADAPT-A-LIFT GROUP (WA),'949132/004',65,PC1.5,2023-04-25 00:00:00.497,R,P,A6W9,3
H23308,87605,'',AU,AUD,ADAPT-A-LIFT GROUP (WA),'949132/005',65,PC1.5,2023-04-25 00:00:00.497,R,P,A6W9,3
H23309,87605,'',AU,AUD,ADAPT-A-LIFT GROUP (WA),'949132/006',65,PC1.5,2023-04-25 00:00:00.497,R,P,A6W9,3
H23310,87605,'',AU,AUD,ADAPT-A-LIFT GROUP (WA),'949132/007',65,PC1.5,2023-04-25 00:00:00.497,R,P,A6W9,3
H23311,87605,'',AU,AUD,ADAPT-A-LIFT GROUP (WA),'949132/008',65,PC1.5,2023-04-25 00:00:00.497,R,P,A6W9,3
H23312,87605,'',AU,AUD,ADAPT-A-LIFT GROUP (WA),'949132/009',65,PC1.5,2023-04-25 00:00:00.497,R,P,A6W9,3
H23314,87605,'',AU,AUD,ADAPT-A-LIFT GROUP (WA),'949132/011',65,PC1.5,2023-04-25 00:00:00.497,R,P,A6W9,3
H23315,87605,'',AU,AUD,ADAPT-A-LIFT GROUP (WA),'949132/012',65,PC1.5,2023-04-25 00:00:00.497,R,P,A6W9,3
H23316,87605,'',AU,AUD,ADAPT-A-LIFT GROUP (WA),'949132/013',65,PC1.5,2023-04-25 00:00:00.497,R,P,A6W9,3
H23317,87605,'',AU,AUD,ADAPT-A-LIFT GROUP (WA),'949132/014',65,PC1.5,2023-04-25 00:00:00.497,R,P,A6W9,3
H23318,87605,'',AU,AUD,ADAPT-A-LIFT GROUP (WA),'949132/015',65,PC1.5,2023-04-25 00:00:00.497,R,P,A6W9,3
H23319,87605,'',AU,AUD,ADAPT-A-LIFT GROUP (WA),'949132/016',65,PC1.5,2023-04-25 00:00:00.497,R,P,A6W9,3
H23320,87605,'',AU,AUD,ADAPT-A-LIFT GROUP (WA),'949132/017',65,PC1.5,2023-04-25 00:00:00.497,R,P,A6W9,3
H23321,87605,'',AU,AUD,ADAPT-A-LIFT GROUP (WA),'949132/018',65,PC1.5,2023-04-25 00:00:00.497,R,P,A6W9,3
H23322,87605,'',AU,AUD,ADAPT-A-LIFT GROUP (WA),'949132/019',65,PC1.5,2023-04-25 00:00:00.497,R,P,A6W9,3
H23323,87605,'',AU,AUD,ADAPT-A-LIFT GROUP (WA),'949132/020',65,PC1.5,2023-04-25 00:00:00.497,R,P,A6W9,3
H23303,87605,'',AU,AUD,ADAPT-A-LIFT GROUP (WA),'949132/021',65,H2.5UT,2023-04-25 00:00:00.497,R,P,A3C1,5
H23324,87605,'',AU,AUD,ADAPT-A-LIFT GROUP (WA),'949132/022',65,H2.5UT,2023-04-25 00:00:00.497,R,P,A3C1,5
H23325,87605,'',AU,AUD,ADAPT-A-LIFT GROUP (WA),'949132/023',65,H2.5UT,2023-04-25 00:00:00.497,R,P,A3C1,5
H23326,87605,'',AU,AUD,ADAPT-A-LIFT GROUP (WA),'949132/024',65,H2.5UT,2023-04-25 00:00:00.497,R,P,A3C1,5
H23327,87605,'',AU,AUD,ADAPT-A-LIFT GROUP (WA),'949132/025',65,H2.5UT,2023-04-25 00:00:00.497,R,P,A3C1,5
H23328,87605,'',AU,AUD,ADAPT-A-LIFT GROUP (WA),'949132/026',65,H2.5UT,2023-04-25 00:00:00.497,R,P,A3C1,5
H23329,87605,'',AU,AUD,ADAPT-A-LIFT GROUP (WA),'949132/027',65,H2.5UT,2023-04-25 00:00:00.497,R,P,A3C1,5
H23330,87605,'',AU,AUD,ADAPT-A-LIFT GROUP (WA),'949132/028',65,H2.5UT,2023-04-25 00:00:00.497,R,P,A3C1,5
H23304,87605,'',AU,AUD,ADAPT-A-LIFT GROUP (WA),'949132/029',65,H3.5UT,2023-04-25 00:00:00.497,R,P,A3C1,5
H23331,87605,'',AU,AUD,ADAPT-A-LIFT GROUP (WA),'949132/030',65,H3.5UT,2023-04-25 00:00:00.497,R,P,A3C1,5
H23837,87605,'',AU,AUD,ADAPT-A-LIFT GROUP (WA),'949231/001',65,H3.0XT,2023-04-25 00:00:00.497,R,P,D466,5
H23838,87605,'',AU,AUD,ADAPT-A-LIFT GROUP (WA),'949231/002',65,H3.0XT,2023-04-25 00:00:00.497,R,P,D466,5
H23841,87625,'',AU,AUD,ADAPT-A-LIFT GROUP (VIC),'949275/001',67,GP30MX,2023-04-25 00:00:00.497,R,P,D871,5
H23842,87625,'',AU,AUD,ADAPT-A-LIFT GROUP (VIC),'949275/002',67,GP30MX,2023-04-25 00:00:00.497,R,P,D871,5
H23843,87625,'',AU,AUD,ADAPT-A-LIFT GROUP (VIC),'949275/003',67,GP30MX,2023-04-25 00:00:00.497,R,P,D871,5
H23844,87625,'',AU,AUD,ADAPT-A-LIFT GROUP (VIC),'949275/004',67,GP30MX,2023-04-25 00:00:00.497,R,P,D871,5
H24140,87585,'',AU,AUD,ADAPT-A-LIFT GROUP (NSW),'949457/001',65,H16XD12,2023-04-26 00:00:00.497,R,P,R007,5
H24141,87585,'',AU,AUD,ADAPT-A-LIFT GROUP (NSW),'949457/002',65,RS 45-31 CH,2023-04-26 00:00:00.497,R,P,A921,5
H24142,82075,'',PG,USD,PORTXGROUP (PNG) LTD,'0255',65,PC1.5,2023-04-26 00:00:00.497,R,P,A6W9,3
H24143,82075,'',PG,USD,PORTXGROUP (PNG) LTD,'0255A',65,PC1.5,2023-04-26 00:00:00.497,R,P,A6W9,3
H24144,82075,'',PG,USD,PORTXGROUP (PNG) LTD,'0255B',65,PC1.5,2023-04-26 00:00:00.497,R,P,A6W9,3
H24145,82075,'',PG,USD,PORTXGROUP (PNG) LTD,'0255C',65,PC1.5,2023-04-26 00:00:00.497,R,P,A6W9,3
H24146,82075,'',PG,USD,PORTXGROUP (PNG) LTD,'0255D',65,PC1.5,2023-04-26 00:00:00.497,R,P,A6W9,3
H24147,82075,'',PG,USD,PORTXGROUP (PNG) LTD,'0255E',65,PC1.5,2023-04-26 00:00:00.497,R,P,A6W9,3
H24148,82075,'',PG,USD,PORTXGROUP (PNG) LTD,'0255F',65,PC1.5,2023-04-26 00:00:00.497,R,P,A6W9,3
H24149,82075,'',PG,USD,PORTXGROUP (PNG) LTD,'0255G',65,PC1.5,2023-04-26 00:00:00.497,R,P,A6W9,3
H24150,82075,'',PG,USD,PORTXGROUP (PNG) LTD,'0255H',65,PC1.5,2023-04-26 00:00:00.497,R,P,A6W9,3
H24151,82075,'',PG,USD,PORTXGROUP (PNG) LTD,'0255I',65,PC1.5,2023-04-26 00:00:00.497,R,P,A6W9,3
H24152,87605,'',AU,AUD,ADAPT-A-LIFT GROUP (WA),'949132/031',65,H3.5UT,2023-04-27 00:00:00.497,R,P,A3C1,5
H24153,87605,'',AU,AUD,ADAPT-A-LIFT GROUP (WA),'949132/032',65,H1.8XT,2023-04-27 00:00:00.497,R,P,D475,5
H25143,80065,'',NZ,USD,SIME DARBY TRANSPORT (NZ),'8851',65,H2.5XT,2023-04-27 00:00:00.497,R,P,D466,5
H25266,87805,'',AU,AUD,ADAPT-A-LIFT GROUP(NSW),'949675/001',67,GDP160EF,2023-04-27 00:00:00.497,R,P,K876,5
H25267,87805,'',AU,AUD,ADAPT-A-LIFT GROUP(NSW),'949675/002',67,GDP160EF,2023-04-27 00:00:00.497,R,P,K876,5
H25268,87805,'',AU,AUD,ADAPT-A-LIFT GROUP(NSW),'949675/003',67,GDP160EF,2023-04-27 00:00:00.497,R,P,K876,5
H25269,87805,'',AU,AUD,ADAPT-A-LIFT GROUP(NSW),'949675/004',67,GDP160EF,2023-04-27 00:00:00.497,R,P,K876,5
H25270,87605,'',AU,AUD,ADAPT-A-LIFT GROUP (WA),'949684/001',65,H10XD6,2023-04-27 00:00:00.510,R,P,R007,5
H25271,87605,'',AU,AUD,ADAPT-A-LIFT GROUP (WA),'949684/002',65,H10XD6,2023-04-27 00:00:00.510,R,P,R007,5
H25272,87605,'',AU,AUD,ADAPT-A-LIFT GROUP (WA),'949684/003',65,H10XD6,2023-04-27 00:00:00.510,R,P,R007,5
H25273,862065,'',NZ,USD,S.G EQUIPMENT LTD,A1072,67,NDR035EC,2023-04-27 00:00:00.510,R,P,E861,2
H25275,862065,'',NZ,USD,S.G EQUIPMENT LTD,A1072,67,ERP18UXT,2023-04-27 00:00:00.510,R,P,A7S5,1
H25276,862065,'',NZ,USD,S.G EQUIPMENT LTD,A1072,67,ERP25UX,2023-04-27 00:00:00.510,R,P,A7S4,1
H25277,862065,'',NZ,USD,S.G EQUIPMENT LTD,A1072,67,ERP30UX,2023-04-27 00:00:00.510,R,P,A7S4,1
H25278,862065,'',NZ,USD,S.G EQUIPMENT LTD,A1073,67,NDR035EC,2023-04-27 00:00:00.510,R,P,E861,2
H25279,862065,'',NZ,USD,S.G EQUIPMENT LTD,A1074,67,NDR035EC,2023-04-27 00:00:00.510,R,P,E861,2
H25280,862065,'',NZ,USD,S.G EQUIPMENT LTD,A1075,67,NDR035EC,2023-04-27 00:00:00.510,R,P,E861,2
H25281,862065,'',NZ,USD,S.G EQUIPMENT LTD,A1076,67,NDR035EC,2023-04-27 00:00:00.510,R,P,E861,2
H25282,862065,'',NZ,USD,S.G EQUIPMENT LTD,A1077,67,NDR035EC,2023-04-27 00:00:00.510,R,P,E861,2
H25283,862065,'',NZ,USD,S.G EQUIPMENT LTD,A1078,67,NDR035EC,2023-04-27 00:00:00.510,R,P,E861,2
H25284,862065,'',NZ,USD,S.G EQUIPMENT LTD,A1080,67,MO25,2023-04-27 00:00:00.510,R,P,E857,3
H25285,862065,'',NZ,USD,S.G EQUIPMENT LTD,A1081,67,MO25,2023-04-27 00:00:00.510,R,P,E857,3
H25286,862065,'',NZ,USD,S.G EQUIPMENT LTD,A1083,67,ERP18UXT,2023-04-27 00:00:00.510,R,P,A7S5,1
H25287,862065,'',NZ,USD,S.G EQUIPMENT LTD,A1085,67,ERP25UX,2023-04-27 00:00:00.510,R,P,A7S4,1
H25288,862065,'',NZ,USD,S.G EQUIPMENT LTD,A1087,67,ERP30UX,2023-04-27 00:00:00.510,R,P,A7S4,1
H25289,862065,'',NZ,USD,S.G EQUIPMENT LTD,A1088,67,ERP30UX,2023-04-27 00:00:00.510,R,P,A7S4,1
H25290,862065,'',NZ,USD,S.G EQUIPMENT LTD,A1089,67,ERP30UX,2023-04-27 00:00:00.510,R,P,A7S4,1
H25495,862065,'',NZ,USD,S.G EQUIPMENT LTD,A1090,67,MO12C (SPED),2023-04-28 00:00:00.510,R,P,E857,3
H25496,862065,'',NZ,USD,S.G EQUIPMENT LTD,A1091,67,MO12C (SPED),2023-04-28 00:00:00.510,R,P,E857,3
H25497,862065,'',NZ,USD,S.G EQUIPMENT LTD,A1092,67,MO12C (SPED),2023-04-28 00:00:00.510,R,P,E857,3
H25498,862065,'',NZ,USD,S.G EQUIPMENT LTD,A1093,67,MO12C (SPED),2023-04-28 00:00:00.510,R,P,E857,3
H26563,87505,'',AU,AUD,ADAPT-A-LIFT GROUP (QLD),'949753/002',67,MR16 961,2023-04-30 00:00:00.510,R,P,A961,2
H26564,87505,'',AU,AUD,ADAPT-A-LIFT GROUP (QLD),'949753/002',67,MR16 961,2023-04-30 00:00:00.510,R,P,A961,2
H26565,87505,'',AU,AUD,ADAPT-A-LIFT GROUP (QLD),'949753/003',67,MR16 961,2023-04-30 00:00:00.510,R,P,A961,2
H26566,87505,'',AU,AUD,ADAPT-A-LIFT GROUP (QLD),'949753/004',67,MR16 961,2023-04-30 00:00:00.510,R,P,A961,2
H26567,87505,'',AU,AUD,ADAPT-A-LIFT GROUP (QLD),'949753/005',67,MR16 961,2023-04-30 00:00:00.510,R,P,A961,2
H26568,87505,'',AU,AUD,ADAPT-A-LIFT GROUP (QLD),'949753/006',67,MR16 961,2023-04-30 00:00:00.510,R,P,A961,2
H26569,87505,'',AU,AUD,ADAPT-A-LIFT GROUP (QLD),'949753/007',67,MR16 961,2023-04-30 00:00:00.510,R,P,A961,2
H26570,87505,'',AU,AUD,ADAPT-A-LIFT GROUP (QLD),'949753/008',67,MR16 961,2023-04-30 00:00:00.510,R,P,A961,2
H26571,87505,'',AU,AUD,ADAPT-A-LIFT GROUP (QLD),'949753/009',67,MR16 961,2023-04-30 00:00:00.510,R,P,A961,2
H26572,87505,'',AU,AUD,ADAPT-A-LIFT GROUP (QLD),'949753/010',67,MR16 961,2023-04-30 00:00:00.510,R,P,A961,2
H26573,87505,'',AU,AUD,ADAPT-A-LIFT GROUP (QLD),'949753/011',67,MR16 961,2023-04-30 00:00:00.510,R,P,A961,2
H26574,87505,'',AU,AUD,ADAPT-A-LIFT GROUP (QLD),'949753/012',67,MR16 961,2023-04-30 00:00:00.510,R,P,A961,2
H26575,87505,'',AU,AUD,ADAPT-A-LIFT GROUP (QLD),'949753/013',67,MR16 961,2023-04-30 00:00:00.510,R,P,A961,2
H26576,87505,'',AU,AUD,ADAPT-A-LIFT GROUP (QLD),'949753/014',67,MR16 961,2023-04-30 00:00:00.510,R,P,A961,2
H26577,87505,'',AU,AUD,ADAPT-A-LIFT GROUP (QLD),'949753/015',67,MR16 961,2023-04-30 00:00:00.510,R,P,A961,2
H26593,87585,'',AU,AUD,ADAPT-A-LIFT GROUP (NSW),'926110/001',65,H4.5FT6,2023-04-30 00:00:00.510,R,P,U005,5
H26594,87585,'',AU,AUD,ADAPT-A-LIFT GROUP (NSW),'926110/002',65,H4.5FT6,2023-04-30 00:00:00.510,R,P,U005,5
