'series','clazz','segment1','segment2'
'881',Class 1,C1 1-3.5T - Standard and Premium,C1 1-3.5T - Standard and Premium
'225',Class 1,C1 1-3.5T - Standard and Premium,C1 1-3.5T - Standard and Premium
'935',Class 1,C1 1-3.5T - Standard and Premium,C1 1-3.5T - Standard and Premium
'955',Class 1,C1 1-3.5T - Standard and Premium,C1 1-3.5T - Standard and Premium
'114',Class 1,C1 1-3.5T - Standard and Premium,C1 1-3.5T - Standard and Premium
'269',Class 1,C1 1-3.5T - Standard and Premium,C1 1-3.5T - Standard and Premium
'814',Class 1,C1 1-3.5T - Standard and Premium,C1 1-3.5T - Standard and Premium
'969',Class 1,C1 1-3.5T - Standard and Premium,C1 1-3.5T - Standard and Premium
'021',Class 1,C1 1-3.5T - Standard and Premium,C1 1-3.5T - Standard and Premium
'108',Class 1,C1 1-3.5T - Standard and Premium,C1 1-3.5T - Standard and Premium
'268',Class 1,C1 1-3.5T - Standard and Premium,C1 1-3.5T - Standard and Premium
'908',Class 1,C1 1-3.5T - Standard and Premium,C1 1-3.5T - Standard and Premium
'968',Class 1,C1 1-3.5T - Standard and Premium,C1 1-3.5T - Standard and Premium
'203',Class 1,C1 1-3.5T - Standard and Premium,C1 1-3.5T - Standard and Premium
'888',Class 1,C1 1-3.5T - Standard and Premium,C1 1-3.5T - Standard and Premium
'160',Class 1,C1 1-3.5T - Standard and Premium,C1 1-3.5T - Standard and Premium
'807',Class 1,C1 1-3.5T - Standard and Premium,C1 1-3.5T - Standard and Premium
'219',Class 1,C1 1-3.5T - Standard and Premium,C1 1-3.5T - Standard and Premium
'883',Class 1,C1 1-3.5T - Standard and Premium,C1 1-3.5T - Standard and Premium
'943',Class 1,C1 1-3.5T - Standard and Premium,C1 1-3.5T - Standard and Premium
'945',Class 1,C1 1-3.5T - Standard and Premium,C1 1-3.5T - Standard and Premium
'824',Class 1,C1 1-3.5T - Standard and Premium,C1 1-3.5T - Standard and Premium
'216',Class 1,C1 1-3.5T - Standard and Premium,C1 1-3.5T - Standard and Premium
'226',Class 1,C1 1-3.5T - Standard and Premium,C1 1-3.5T - Standard and Premium
'276',Class 1,C1 1-3.5T - Standard and Premium,C1 1-3.5T - Standard and Premium
'416',Class 1,C1 1-3.5T - Standard and Premium,C1 1-3.5T - Standard and Premium
'882',Class 1,C1 1-3.5T - Standard and Premium,C1 1-3.5T - Standard and Premium
'976',Class 1,C1 1-3.5T - Standard and Premium,C1 1-3.5T - Standard and Premium
'098',Class 1,C1 4-9T - Standard and Premium,C1 4-9T - Standard and Premium
'099',Class 1,C1 4-9T - Standard and Premium,C1 4-9T - Standard and Premium
'839',Class 1,C1 4-9T - Standard and Premium,C1 4-9T - Standard and Premium
'938',Class 1,C1 4-9T - Standard and Premium,C1 4-9T - Standard and Premium
'970',Class 1,C1 4-9T - Standard and Premium,C1 4-9T - Standard and Premium
'985',Class 1,C1 4-9T - Standard and Premium,C1 4-9T - Standard and Premium
'250',Class 1,C1 4-9T - Standard and Premium,C1 4-9T - Standard and Premium
'901',Class 1,C1 4-9T - Standard and Premium,C1 4-9T - Standard and Premium
'920',Class 1,C1 4-9T - Standard and Premium,C1 4-9T - Standard and Premium
'138',Class 2,C2 - Standard and Premium,C2 - Standard and Premium
'224',Class 2,C2 - Standard and Premium,C2 - Standard and Premium
'264',Class 2,C2 - Standard and Premium,C2 - Standard and Premium
'816',Class 2,C2 - Standard and Premium,C2 - Standard and Premium
'829',Class 2,C2 - Standard and Premium,C2 - Standard and Premium
'861',Class 2,C2 - Standard and Premium,C2 - Standard and Premium
'900',Class 2,C2 - Standard and Premium,C2 - Standard and Premium
'915',Class 2,C2 - Standard and Premium,C2 - Standard and Premium
'265',Class 2,C2 - Standard and Premium,C2 - Standard and Premium
'295',Class 2,C2 - Standard and Premium,C2 - Standard and Premium
'435',Class 2,C2 - Standard and Premium,C2 - Standard and Premium
'470',Class 2,C2 - Standard and Premium,C2 - Standard and Premium
'471',Class 2,C2 - Standard and Premium,C2 - Standard and Premium
'815',Class 2,C2 - Standard and Premium,C2 - Standard and Premium
'849',Class 2,C2 - Standard and Premium,C2 - Standard and Premium
'925',Class 2,C2 - Standard and Premium,C2 - Standard and Premium
'432',Class 2,C2 - Standard and Premium,C2 - Standard and Premium
'942',Class 2,C2 - Standard and Premium,C2 - Standard and Premium
'118',Class 2,C2 - Standard and Premium,C2 - Standard and Premium
'457',Class 2,C2 - Standard and Premium,C2 - Standard and Premium
'460',Class 2,C2 - Standard and Premium,C2 - Standard and Premium
'826',Class 2,C2 - Standard and Premium,C2 - Standard and Premium
'862',Class 2,C2 - Standard and Premium,C2 - Standard and Premium
'865',Class 2,C2 - Standard and Premium,C2 - Standard and Premium
'474',Class 2,C2 - Standard and Premium,C2 - Standard and Premium
'169',Class 2,C2 - Standard and Premium,C2 - Standard and Premium
'857',Class 2,C2 - Standard and Premium,C2 - Standard and Premium
'185',Class 2,C2 - Standard and Premium,C2 - Standard and Premium
'217',Class 2,C2 - Standard and Premium,C2 - Standard and Premium
'497',Class 2,C2 - Standard and Premium,C2 - Standard and Premium
'174',Class 2,C2 - Standard and Premium,C2 - Standard and Premium
'801',Class 2,C2 - Standard and Premium,C2 - Standard and Premium
'463',Class 2,C2 - Standard and Premium,C2 - Standard and Premium
'464',Class 2,C2 - Standard and Premium,C2 - Standard and Premium
'465',Class 2,C2 - Standard and Premium,C2 - Standard and Premium
'467',Class 2,C2 - Standard and Premium,C2 - Standard and Premium
'468',Class 2,C2 - Standard and Premium,C2 - Standard and Premium
'469',Class 2,C2 - Standard and Premium,C2 - Standard and Premium
'868',Class 2,C2 - Standard and Premium,C2 - Standard and Premium
'869',Class 2,C2 - Standard and Premium,C2 - Standard and Premium
'210',Class 2,C2 - Standard and Premium,C2 - Standard and Premium
'448',Class 2,C2 - Standard and Premium,C2 - Standard and Premium
'449',Class 2,C2 - Standard and Premium,C2 - Standard and Premium
'450',Class 2,C2 - Standard and Premium,C2 - Standard and Premium
'853',Class 2,C2 - Standard and Premium,C2 - Standard and Premium
'854',Class 2,C2 - Standard and Premium,C2 - Standard and Premium
'855',Class 2,C2 - Standard and Premium,C2 - Standard and Premium
'284',Class 2,C2 - Standard and Premium,C2 - Standard and Premium
'244',Class 2,C2 - Standard and Premium,C2 - Standard and Premium
'254',Class 2,C2 - Standard and Premium,C2 - Standard and Premium
'944',Class 2,C2 - Standard and Premium,C2 - Standard and Premium
'218',Class 2,C3 - Standard and Premium,C3 - Standard and Premium
'418',Class 2,C3 - Standard and Premium,C3 - Standard and Premium
'437',Class 2,C3 - Standard and Premium,C3 - Standard and Premium
'827',Class 2,C3 - Standard and Premium,C3 - Standard and Premium
'841',Class 2,C3 - Standard and Premium,C3 - Standard and Premium
'428',Class 2,C3 - Standard and Premium,C3 - Standard and Premium
'472',Class 2,C3 - Standard and Premium,C3 - Standard and Premium
'473',Class 2,C3 - Standard and Premium,C3 - Standard and Premium
'215',Class 2,C3 - Standard and Premium,C3 - Standard and Premium
'438',Class 2,C3 - Standard and Premium,C3 - Standard and Premium
'443',Class 2,C3 - Standard and Premium,C3 - Standard and Premium
'802',Class 2,C3 - Standard and Premium,C3 - Standard and Premium
'842',Class 2,C3 - Standard and Premium,C3 - Standard and Premium
'856',Class 2,C3 - Standard and Premium,C3 - Standard and Premium
'245',Class 2,C3 - Standard and Premium,C3 - Standard and Premium
'419',Class 2,C3 - Standard and Premium,C3 - Standard and Premium
'447',Class 2,C3 - Standard and Premium,C3 - Standard and Premium
'454',Class 2,C3 - Standard and Premium,C3 - Standard and Premium
'819',Class 2,C3 - Standard and Premium,C3 - Standard and Premium
'860',Class 2,C3 - Standard and Premium,C3 - Standard and Premium
'440',Class 2,C3 - Standard and Premium,C3 - Standard and Premium
'441',Class 2,C3 - Standard and Premium,C3 - Standard and Premium
'442',Class 2,C3 - Standard and Premium,C3 - Standard and Premium
'453',Class 2,C3 - Standard and Premium,C3 - Standard and Premium
'456',Class 2,C3 - Standard and Premium,C3 - Standard and Premium
'495',Class 2,C3 - Standard and Premium,C3 - Standard and Premium
'820',Class 2,C3 - Standard and Premium,C3 - Standard and Premium
'845',Class 2,C3 - Standard and Premium,C3 - Standard and Premium
'846',Class 2,C3 - Standard and Premium,C3 - Standard and Premium
'847',Class 2,C3 - Standard and Premium,C3 - Standard and Premium
'852',Class 2,C3 - Standard and Premium,C3 - Standard and Premium
'895',Class 2,C3 - Standard and Premium,C3 - Standard and Premium
'455',Class 2,C3 - Standard and Premium,C3 - Standard and Premium
'821',Class 2,C3 - Standard and Premium,C3 - Standard and Premium
'433',Class 2,C3 - Standard and Premium,C3 - Standard and Premium
'439',Class 2,C3 - Standard and Premium,C3 - Standard and Premium
'444',Class 2,C3 - Standard and Premium,C3 - Standard and Premium
'445',Class 2,C3 - Standard and Premium,C3 - Standard and Premium
'843',Class 2,C3 - Standard and Premium,C3 - Standard and Premium
'892',Class 2,C3 - Standard and Premium,C2 - Standard and Premium
'939',Class 2,C3 - Standard and Premium,C2 - Standard and Premium
'943a',Class 2,C3 - Standard and Premium,C2 - Standard and Premium
'978',Class 2,C3 - Standard and Premium,C2 - Standard and Premium
'979',Class 2,C3 - Standard and Premium,C2 - Standard and Premium
'858',Class 2,C3 - Standard and Premium,C2 - Standard and Premium
'230',Class 2,C3 - Standard and Premium,C2 - Standard and Premium
'262',Class 2,C3 - Standard and Premium,C2 - Standard and Premium
'292',Class 2,C3 - Standard and Premium,C2 - Standard and Premium
'478',Class 2,C3 - Standard and Premium,C2 - Standard and Premium
'896',Class 2,C3 - Standard and Premium,C2 - Standard and Premium
'904',Class 2,C3 - Standard and Premium,C2 - Standard and Premium
'828',Class 2,C3 - Standard and Premium,C2 - Standard and Premium
'135',Class 2,C3 - Standard and Premium,C2 - Standard and Premium
'229',Class 2,C3 - Standard and Premium,C2 - Standard and Premium
'894',Class 2,C3 - Standard and Premium,C2 - Standard and Premium
'231',Class 2,C3 - Standard and Premium,C2 - Standard and Premium
'897',Class 2,C3 - Standard and Premium,C2 - Standard and Premium
'234',Class 2,C3 - Standard and Premium,C2 - Standard and Premium
'891',Class 2,C3 - Standard and Premium,C2 - Standard and Premium
'199',Class 2,C3 - Standard and Premium,C2 - Standard and Premium
'499',Class 2,C3 - Standard and Premium,C2 - Standard and Premium
'898',Class 2,C3 - Standard and Premium,C2 - Standard and Premium
'899',Class 2,C3 - Standard and Premium,C2 - Standard and Premium
'233',Class 2,C3 - Standard and Premium,C2 - Standard and Premium
'257',Class 2,C3 - Standard and Premium,C2 - Standard and Premium
'287',Class 2,C3 - Standard and Premium,C2 - Standard and Premium
'479',Class 2,C3 - Standard and Premium,C2 - Standard and Premium
'890',Class 2,C3 - Standard and Premium,C2 - Standard and Premium
'905',Class 2,C3 - Standard and Premium,C2 - Standard and Premium
'283',Class 2,C3 - Standard and Premium,C2 - Standard and Premium
'142',Class 2,C3 - Standard and Premium,C2 - Standard and Premium
'476',Class 2,C3 - Standard and Premium,C2 - Standard and Premium
'477',Class 2,C3 - Standard and Premium,C2 - Standard and Premium
'902',Class 2,C3 - Standard and Premium,C2 - Standard and Premium
'903',Class 2,C3 - Standard and Premium,C2 - Standard and Premium
'010',Class 5 NOT BT,C4 1-3.5T - Standard and Premium,C4 & 5 1-3.5T - Standard and Premium
'809',Class 5 NOT BT,C4 1-3.5T - Standard and Premium,C4 & 5 1-3.5T - Standard and Premium
'073',Class 5 NOT BT,C4 1-3.5T - Standard and Premium,C4 & 5 1-3.5T - Standard and Premium
'074',Class 5 NOT BT,C4 1-3.5T - Standard and Premium,C4 & 5 1-3.5T - Standard and Premium
'173',Class 5 NOT BT,C4 1-3.5T - Standard and Premium,C4 & 5 1-3.5T - Standard and Premium
'187',Class 5 NOT BT,C4 1-3.5T - Standard and Premium,C4 & 5 1-3.5T - Standard and Premium
'910',Class 5 NOT BT,C4 1-3.5T - Standard and Premium,C4 & 5 1-3.5T - Standard and Premium
'267',Class 5 NOT BT,C4 1-3.5T - Standard and Premium,C4 & 5 1-3.5T - Standard and Premium
'967',Class 5 NOT BT,C4 1-3.5T - Standard and Premium,C4 & 5 1-3.5T - Standard and Premium
'004',Class 4,C4 4-9T - Standard and Premium,C4 & 5 4-9T - Standard and Premium
'818',Class 4,C4 4-9T - Standard and Premium,C4 & 5 4-9T - Standard and Premium
'299',Class 4,C4 4-9T - Standard and Premium,C4 & 5 4-9T - Standard and Premium
'024',Class 4,C4 4-9T - Standard and Premium,C4 & 5 4-9T - Standard and Premium
'879',Class 4,C4 4-9T - Standard and Premium,C4 & 5 4-9T - Standard and Premium
'003',Class 5 BT,Big Forklift Trucks 10-16T,Big Trucks
'007',Class 5 BT,Big Forklift Trucks 10-16T,Big Trucks
'876',Class 5 BT,Big Forklift Trucks 10-16T,Big Trucks
'019',Class 5 BT,Big Forklift Trucks 10-16T,Big Trucks
'877',Class 5 BT,Big Forklift Trucks 10-16T,Big Trucks
'674',Class 5 BT,Big Forklift Trucks 10-16T,Big Trucks
'019a',Class 5 BT,Big Forklift Trucks 10-16T,Big Trucks
'909',Class 4,Big Forklift Trucks 10-16T,C4 & 5 4-9T - Standard and Premium
'253',Class 4,Big Forklift Trucks 10-16T,C4 & 5 4-9T - Standard and Premium
'973',Class 4,Big Forklift Trucks 10-16T,C4 & 5 4-9T - Standard and Premium
'236',Class 5 BT,Big Forklift Trucks >16T,Big Trucks
'238',Class 5 BT,Big Forklift Trucks >16T,Big Trucks
'008',Class 5 BT,Big Forklift Trucks >16T,Big Trucks
'917',Class 5 BT,Big Forklift Trucks >16T,Big Trucks
'227',Class 5 BT,Big Forklift Trucks >16T,Big Trucks
'228',Class 5 BT,Big Forklift Trucks >16T,Big Trucks
'214',Class 5 BT,Port Equipment - Empty Container Handlers,Port Equipment
'3C0',Class 5 BT,Port Equipment - Empty Container Handlers,Port Equipment
'117',Class 5 BT,Port Equipment - Empty Container Handlers,Port Equipment
'222',Class 5 BT,Port Equipment - Reachstackers,Port Equipment
'289',Class 5 BT,Port Equipment - Reachstackers,Port Equipment
'404',Class 5 BT,Port Equipment - Reachstackers,Port Equipment
'921',Class 5 BT,Port Equipment - Reachstackers,Port Equipment
'366',Class 5 BT,Port Equipment - Reachstackers,Port Equipment
'370',Class 1,C1 1-3.5T - Low Intensity,C1 1-3.5T - Low Intensity
'377',Class 1,C1 1-3.5T - Low Intensity,C1 1-3.5T - Low Intensity
'379',Class 1,C1 1-3.5T - Low Intensity,C1 1-3.5T - Low Intensity
'374',Class 1,C1 1-3.5T - Low Intensity,C1 1-3.5T - Low Intensity
'3C5',Class 1,C1 1-3.5T - Low Intensity,C1 1-3.5T - Low Intensity
'7S5',Class 1,C1 1-3.5T - Low Intensity,C1 1-3.5T - Low Intensity
'402',Class 1,C1 1-3.5T - Low Intensity,C1 1-3.5T - Low Intensity
'396',Class 1,C1 1-3.5T - Low Intensity,C1 1-3.5T - Low Intensity
'3C4',Class 1,C1 1-3.5T - Low Intensity,C1 1-3.5T - Low Intensity
'7S4',Class 1,C1 1-3.5T - Low Intensity,C1 1-3.5T - Low Intensity
'406',Class 2,C2 - Low Intensity,C2 - Low Intensity
'3D5',Class 2,C2 - Low Intensity,C2 - Low Intensity
'7T5',Class 2,C2 - Low Intensity,C2 - Low Intensity
'290',Class 3,C3 - Low Intensity,C3 - Low Intensity
'249',Class 3,C3 - Low Intensity,C3 - Low Intensity
'485',Class 3,C3 - Low Intensity,C3 - Low Intensity
'280',Class 3,C3 - Low Intensity,C3 - Low Intensity
'3B5',Class 3,C3 - Low Intensity,C3 - Low Intensity
'3B0',Class 3,C3 - Low Intensity,C3 - Low Intensity
'3B1',Class 3,C3 - Low Intensity,C3 - Low Intensity
'7R5',Class 3,C3 - Low Intensity,C3 - Low Intensity
'7R0',Class 3,C3 - Low Intensity,C3 - Low Intensity
'7R1',Class 3,C3 - Low Intensity,C3 - Low Intensity
'956',Class 3,C3 - Low Intensity,C3 - Low Intensity
'378',Class 3,C3 - Low Intensity,C3 - Low Intensity
'3C3',Class 3,C3 - Low Intensity,C3 - Low Intensity
'3C2',Class 3,C3 - Low Intensity,C3 - Low Intensity
'3B3',Class 3,C3 - Low Intensity,C3 - Low Intensity
'3B4',Class 3,C3 - Low Intensity,C3 - Low Intensity
'3B6',Class 3,C3 - Low Intensity,C3 - Low Intensity
'3B7',Class 3,C3 - Low Intensity,C3 - Low Intensity
'7S3',Class 3,C3 - Low Intensity,C3 - Low Intensity
'7S2',Class 3,C3 - Low Intensity,C3 - Low Intensity
'7R3',Class 3,C3 - Low Intensity,C3 - Low Intensity
'7R6',Class 3,C3 - Low Intensity,C3 - Low Intensity
'7R7',Class 3,C3 - Low Intensity,C3 - Low Intensity
'3D1',Class 3,C3 - Low Intensity,C3 - Low Intensity
'3D4',Class 3,C3 - Low Intensity,C3 - Low Intensity
'7T1',Class 3,C3 - Low Intensity,C3 - Low Intensity
'6W9',Class 3,C3 - Low Intensity,C3 - Low Intensity
'3C7',Class 3,C3 - Low Intensity,C3 - Low Intensity
'7S7',Class 3,C3 - Low Intensity,C3 - Low Intensity
'3C9',Class 3,C3 - Low Intensity,C3 - Low Intensity
'3D9',Class 3,C3 - Low Intensity,C3 - Low Intensity
'7S9',Class 3,C3 - Low Intensity,C3 - Low Intensity
'3C8',Class 3,C3 - Low Intensity,C3 - Low Intensity
'7S8',Class 3,C3 - Low Intensity,C3 - Low Intensity
'273',Class 5 NOT BT,C4 1-3.5T - Low Intensity,C4 & 5 1-3.5T - Low Intensity
'3B8',Class 5 NOT BT,C4 1-3.5T - Low Intensity,C4 & 5 1-3.5T - Low Intensity
'7R8',Class 5 NOT BT,C4 1-3.5T - Low Intensity,C4 & 5 1-3.5T - Low Intensity
'3B9',Class 5 NOT BT,C4 1-3.5T - Low Intensity,C4 & 5 1-3.5T - Low Intensity
'7R9',Class 5 NOT BT,C4 1-3.5T - Low Intensity,C4 & 5 1-3.5T - Low Intensity
'001',Class 5 NOT BT,C5 1-3.5T - Standard and Premium,C4 & 5 1-3.5T - Standard and Premium
'810',Class 5 NOT BT,C5 1-3.5T - Standard and Premium,C4 & 5 1-3.5T - Standard and Premium
'475',Class 5 NOT BT,C5 1-3.5T - Standard and Premium,C4 & 5 1-3.5T - Standard and Premium
'812',Class 5 NOT BT,C5 1-3.5T - Standard and Premium,C4 & 5 1-3.5T - Standard and Premium
'027',Class 5 NOT BT,C5 1-3.5T - Standard and Premium,C4 & 5 1-3.5T - Standard and Premium
'070',Class 5 NOT BT,C5 1-3.5T - Standard and Premium,C4 & 5 1-3.5T - Standard and Premium
'072',Class 5 NOT BT,C5 1-3.5T - Standard and Premium,C4 & 5 1-3.5T - Standard and Premium
'170',Class 5 NOT BT,C5 1-3.5T - Standard and Premium,C4 & 5 1-3.5T - Standard and Premium
'172',Class 5 NOT BT,C5 1-3.5T - Standard and Premium,C4 & 5 1-3.5T - Standard and Premium
'177',Class 5 NOT BT,C5 1-3.5T - Standard and Premium,C4 & 5 1-3.5T - Standard and Premium
'806',Class 5 NOT BT,C5 1-3.5T - Standard and Premium,C4 & 5 1-3.5T - Standard and Premium
'875',Class 5 NOT BT,C5 1-3.5T - Standard and Premium,C4 & 5 1-3.5T - Standard and Premium
'887',Class 5 NOT BT,C5 1-3.5T - Standard and Premium,C4 & 5 1-3.5T - Standard and Premium
'974',Class 5 NOT BT,C5 1-3.5T - Standard and Premium,C4 & 5 1-3.5T - Standard and Premium
'274',Class 5 NOT BT,C5 1-3.5T - Standard and Premium,C4 & 5 1-3.5T - Standard and Premium
'466',Class 5 NOT BT,C5 1-3.5T - Standard and Premium,C4 & 5 1-3.5T - Standard and Premium
'871',Class 5 NOT BT,C5 1-3.5T - Standard and Premium,C4 & 5 1-3.5T - Standard and Premium
'281',Class 5 NOT BT,C5 1-3.5T - Low Intensity,C4 & 5 1-3.5T - Low Intensity
'285',Class 5 NOT BT,C5 1-3.5T - Low Intensity,C4 & 5 1-3.5T - Low Intensity
'966',Class 5 NOT BT,C5 1-3.5T - Low Intensity,C4 & 5 1-3.5T - Low Intensity
'3C1',Class 5 NOT BT,C5 1-3.5T - Low Intensity,C4 & 5 1-3.5T - Low Intensity
'7S1',Class 5 NOT BT,C5 1-3.5T - Low Intensity,C4 & 5 1-3.5T - Low Intensity
'261',Class 5 NOT BT,C5 1-3.5T - Low Intensity,C4 & 5 1-3.5T - Low Intensity
'266',Class 5 NOT BT,C5 1-3.5T - Low Intensity,C4 & 5 1-3.5T - Low Intensity
'005',Class 4,C5 4-9T - Standard and Premium,C4 & 5 4-9T - Standard and Premium
'232',Class 4,C5 4-9T - Standard and Premium,C4 & 5 4-9T - Standard and Premium
'813',Class 4,C5 4-9T - Standard and Premium,C4 & 5 4-9T - Standard and Premium
'889',Class 4,C5 4-9T - Standard and Premium,C4 & 5 4-9T - Standard and Premium
'002',Class 4,C5 4-9T - Standard and Premium,C4 & 5 4-9T - Standard and Premium
'006',Class 4,C5 4-9T - Standard and Premium,C4 & 5 4-9T - Standard and Premium
'029',Class 4,C5 4-9T - Standard and Premium,C4 & 5 4-9T - Standard and Premium
'878',Class 4,C5 4-9T - Standard and Premium,C4 & 5 4-9T - Standard and Premium
'411',Class 5 NOT BT,C5 4-9T - Low Intensity,C4 & 5 4-9T - Low Intensity
'408',Class 5 NOT BT,C5 4-9T - Low Intensity,C4 & 5 4-9T - Low Intensity
'3C6',Class 5 NOT BT,C5 4-9T - Low Intensity,C4 & 5 4-9T - Low Intensity
'7S6',Class 5 NOT BT,C5 4-9T - Low Intensity,C4 & 5 4-9T - Low Intensity
'413',Class 5 NOT BT,C5 4-9T - Low Intensity,C4 & 5 4-9T - Low Intensity
'417',Class 5 NOT BT,C5 4-9T - Low Intensity,C4 & 5 4-9T - Low Intensity
'3D0',Class 5 NOT BT,C5 4-9T - Low Intensity,C4 & 5 4-9T - Low Intensity
'7T0',Class 5 NOT BT,C5 4-9T - Low Intensity,C4 & 5 4-9T - Low Intensity
'961',Class 5 NOT BT,C5 4-9T - Low Intensity,C4 & 5 4-9T - Low Intensity
